date,asset_key,ticker,close_eur
2024-02-01,Amundi MSCI World UCITS ETF - EUR (C),CW8.PA,464.2287
2024-02-02,Amundi MSCI World UCITS ETF - EUR (C),CW8.PA,472.0052
2024-02-05,Amundi MSCI World UCITS ETF - EUR (C),CW8.PA,472.5169
2024-02-06,Amundi MSCI World UCITS ETF - EUR (C),CW8.PA,473.7664
2024-02-07,Amundi MSCI World UCITS ETF - EUR (C),CW8.PA,475.7850
2024-02-08,Amundi MSCI World UCITS ETF - EUR (C),CW8.PA,475.8749
2024-02-09,Amundi MSCI World UCITS ETF - EUR (C),CW8.PA,476.6423
2024-02-12,Amundi MSCI World UCITS ETF - EUR (C),CW8.PA,480.5184
2024-02-13,Amundi MSCI World UCITS ETF - EUR (C),CW8.PA,475.7237
2024-02-14,Amundi MSCI World UCITS ETF - EUR (C),CW8.PA,476.6072
2024-02-15,Amundi MSCI World UCITS ETF - EUR (C),CW8.PA,479.0562
2024-02-16,Amundi MSCI World UCITS ETF - EUR (C),CW8.PA,480.9863
2024-02-19,Amundi MSCI World UCITS ETF - EUR (C),CW8.PA,479.9935
2024-02-20,Amundi MSCI World UCITS ETF - EUR (C),CW8.PA,475.3209
2024-02-21,Amundi MSCI World UCITS ETF - EUR (C),CW8.PA,474.7711
2024-02-22,Amundi MSCI World UCITS ETF - EUR (C),CW8.PA,482.9613
2024-02-23,Amundi MSCI World UCITS ETF - EUR (C),CW8.PA,484.6089
2024-02-26,Amundi MSCI World UCITS ETF - EUR (C),CW8.PA,482.8938
2024-02-27,Amundi MSCI World UCITS ETF - EUR (C),CW8.PA,482.1986
2024-02-28,Amundi MSCI World UCITS ETF - EUR (C),CW8.PA,482.4999
2024-02-29,Amundi MSCI World UCITS ETF - EUR (C),CW8.PA,483.5575
2024-03-01,Amundi MSCI World UCITS ETF - EUR (C),CW8.PA,487.1042
2024-03-04,Amundi MSCI World UCITS ETF - EUR (C),CW8.PA,486.9659
2024-03-05,Amundi MSCI World UCITS ETF - EUR (C),CW8.PA,483.5577
2024-03-06,Amundi MSCI World UCITS ETF - EUR (C),CW8.PA,485.0873
2024-03-07,Amundi MSCI World UCITS ETF - EUR (C),CW8.PA,487.1588
2024-03-08,Amundi MSCI World UCITS ETF - EUR (C),CW8.PA,487.3531
2024-03-11,Amundi MSCI World UCITS ETF - EUR (C),CW8.PA,484.2152
2024-03-12,Amundi MSCI World UCITS ETF - EUR (C),CW8.PA,488.2262
2024-03-13,Amundi MSCI World UCITS ETF - EUR (C),CW8.PA,488.3668
2024-03-14,Amundi MSCI World UCITS ETF - EUR (C),CW8.PA,488.4849
2024-03-15,Amundi MSCI World UCITS ETF - EUR (C),CW8.PA,485.4922
2024-03-18,Amundi MSCI World UCITS ETF - EUR (C),CW8.PA,489.8000
2024-03-19,Amundi MSCI World UCITS ETF - EUR (C),CW8.PA,490.8192
2024-03-20,Amundi MSCI World UCITS ETF - EUR (C),CW8.PA,491.8635
2024-03-21,Amundi MSCI World UCITS ETF - EUR (C),CW8.PA,498.9136
2024-03-22,Amundi MSCI World UCITS ETF - EUR (C),CW8.PA,498.7596
2024-03-25,Amundi MSCI World UCITS ETF - EUR (C),CW8.PA,497.0529
2024-03-26,Amundi MSCI World UCITS ETF - EUR (C),CW8.PA,498.2656
2024-03-27,Amundi MSCI World UCITS ETF - EUR (C),CW8.PA,497.8262
2024-03-28,Amundi MSCI World UCITS ETF - EUR (C),CW8.PA,501.0000
2024-04-02,Amundi MSCI World UCITS ETF - EUR (C),CW8.PA,496.8670
2024-04-03,Amundi MSCI World UCITS ETF - EUR (C),CW8.PA,497.3724
2024-04-04,Amundi MSCI World UCITS ETF - EUR (C),CW8.PA,497.8132
2024-04-05,Amundi MSCI World UCITS ETF - EUR (C),CW8.PA,494.2197
2024-04-08,Amundi MSCI World UCITS ETF - EUR (C),CW8.PA,495.4015
2024-04-09,Amundi MSCI World UCITS ETF - EUR (C),CW8.PA,492.4719
2024-04-10,Amundi MSCI World UCITS ETF - EUR (C),CW8.PA,494.9695
2024-04-11,Amundi MSCI World UCITS ETF - EUR (C),CW8.PA,495.5031
2024-04-12,Amundi MSCI World UCITS ETF - EUR (C),CW8.PA,498.1353
2024-04-15,Amundi MSCI World UCITS ETF - EUR (C),CW8.PA,496.9299
2024-04-16,Amundi MSCI World UCITS ETF - EUR (C),CW8.PA,489.2040
2024-04-17,Amundi MSCI World UCITS ETF - EUR (C),CW8.PA,486.3672
2024-04-18,Amundi MSCI World UCITS ETF - EUR (C),CW8.PA,487.5724
2024-04-19,Amundi MSCI World UCITS ETF - EUR (C),CW8.PA,483.1471
2024-04-22,Amundi MSCI World UCITS ETF - EUR (C),CW8.PA,483.8920
2024-04-23,Amundi MSCI World UCITS ETF - EUR (C),CW8.PA,489.2649
2024-04-24,Amundi MSCI World UCITS ETF - EUR (C),CW8.PA,489.5705
2024-04-25,Amundi MSCI World UCITS ETF - EUR (C),CW8.PA,483.5025
2024-04-26,Amundi MSCI World UCITS ETF - EUR (C),CW8.PA,492.3669
2024-04-29,Amundi MSCI World UCITS ETF - EUR (C),CW8.PA,492.1051
2024-04-30,Amundi MSCI World UCITS ETF - EUR (C),CW8.PA,490.9035
2024-05-02,Amundi MSCI World UCITS ETF - EUR (C),CW8.PA,486.3000
2024-05-03,Amundi MSCI World UCITS ETF - EUR (C),CW8.PA,491.2250
2024-05-06,Amundi MSCI World UCITS ETF - EUR (C),CW8.PA,494.7933
2024-05-07,Amundi MSCI World UCITS ETF - EUR (C),CW8.PA,498.4308
2024-05-08,Amundi MSCI World UCITS ETF - EUR (C),CW8.PA,498.4542
2024-05-09,Amundi MSCI World UCITS ETF - EUR (C),CW8.PA,499.4000
2024-05-10,Amundi MSCI World UCITS ETF - EUR (C),CW8.PA,501.0935
2024-05-13,Amundi MSCI World UCITS ETF - EUR (C),CW8.PA,500.3509
2024-05-14,Amundi MSCI World UCITS ETF - EUR (C),CW8.PA,500.0331
2024-05-15,Amundi MSCI World UCITS ETF - EUR (C),CW8.PA,503.5503
2024-05-16,Amundi MSCI World UCITS ETF - EUR (C),CW8.PA,505.8571
2024-05-17,Amundi MSCI World UCITS ETF - EUR (C),CW8.PA,504.1501
2024-05-20,Amundi MSCI World UCITS ETF - EUR (C),CW8.PA,507.0000
2024-05-21,Amundi MSCI World UCITS ETF - EUR (C),CW8.PA,505.9596
2024-05-22,Amundi MSCI World UCITS ETF - EUR (C),CW8.PA,506.1240
2024-05-23,Amundi MSCI World UCITS ETF - EUR (C),CW8.PA,506.2308
2024-05-24,Amundi MSCI World UCITS ETF - EUR (C),CW8.PA,504.4655
2024-05-27,Amundi MSCI World UCITS ETF - EUR (C),CW8.PA,505.6213
2024-05-28,Amundi MSCI World UCITS ETF - EUR (C),CW8.PA,503.4441
2024-05-29,Amundi MSCI World UCITS ETF - EUR (C),CW8.PA,501.6600
2024-05-30,Amundi MSCI World UCITS ETF - EUR (C),CW8.PA,500.1843
2024-05-31,Amundi MSCI World UCITS ETF - EUR (C),CW8.PA,497.0021
2024-06-03,Amundi MSCI World UCITS ETF - EUR (C),CW8.PA,500.5494
2024-06-04,Amundi MSCI World UCITS ETF - EUR (C),CW8.PA,499.6329
2024-06-05,Amundi MSCI World UCITS ETF - EUR (C),CW8.PA,505.3656
2024-06-06,Amundi MSCI World UCITS ETF - EUR (C),CW8.PA,507.3838
2024-06-07,Amundi MSCI World UCITS ETF - EUR (C),CW8.PA,510.0819
2024-06-10,Amundi MSCI World UCITS ETF - EUR (C),CW8.PA,512.1354
2024-06-11,Amundi MSCI World UCITS ETF - EUR (C),CW8.PA,511.3410
2024-06-12,Amundi MSCI World UCITS ETF - EUR (C),CW8.PA,513.9817
2024-06-13,Amundi MSCI World UCITS ETF - EUR (C),CW8.PA,514.0520
2024-06-14,Amundi MSCI World UCITS ETF - EUR (C),CW8.PA,515.5385
2024-06-17,Amundi MSCI World UCITS ETF - EUR (C),CW8.PA,515.3078
2024-06-18,Amundi MSCI World UCITS ETF - EUR (C),CW8.PA,518.3372
2024-06-19,Amundi MSCI World UCITS ETF - EUR (C),CW8.PA,519.1286
2024-06-20,Amundi MSCI World UCITS ETF - EUR (C),CW8.PA,521.3150
2024-06-21,Amundi MSCI World UCITS ETF - EUR (C),CW8.PA,519.2779
2024-06-24,Amundi MSCI World UCITS ETF - EUR (C),CW8.PA,520.1493
2024-06-25,Amundi MSCI World UCITS ETF - EUR (C),CW8.PA,519.9012
2024-06-26,Amundi MSCI World UCITS ETF - EUR (C),CW8.PA,519.9765
2024-06-27,Amundi MSCI World UCITS ETF - EUR (C),CW8.PA,519.6730
2024-06-28,Amundi MSCI World UCITS ETF - EUR (C),CW8.PA,521.6237
2024-07-01,Amundi MSCI World UCITS ETF - EUR (C),CW8.PA,518.6427
2024-07-02,Amundi MSCI World UCITS ETF - EUR (C),CW8.PA,519.4610
2024-07-03,Amundi MSCI World UCITS ETF - EUR (C),CW8.PA,521.0923
2024-07-04,Amundi MSCI World UCITS ETF - EUR (C),CW8.PA,522.2717
2024-07-05,Amundi MSCI World UCITS ETF - EUR (C),CW8.PA,522.5180
2024-07-08,Amundi MSCI World UCITS ETF - EUR (C),CW8.PA,523.4337
2024-07-09,Amundi MSCI World UCITS ETF - EUR (C),CW8.PA,524.0609
2024-07-10,Amundi MSCI World UCITS ETF - EUR (C),CW8.PA,526.2675
2024-07-11,Amundi MSCI World UCITS ETF - EUR (C),CW8.PA,525.4377
2024-07-12,Amundi MSCI World UCITS ETF - EUR (C),CW8.PA,527.9525
2024-07-15,Amundi MSCI World UCITS ETF - EUR (C),CW8.PA,527.9856
2024-07-16,Amundi MSCI World UCITS ETF - EUR (C),CW8.PA,528.6555
2024-07-17,Amundi MSCI World UCITS ETF - EUR (C),CW8.PA,523.1370
2024-07-18,Amundi MSCI World UCITS ETF - EUR (C),CW8.PA,520.0000
2024-07-19,Amundi MSCI World UCITS ETF - EUR (C),CW8.PA,517.1353
2024-07-22,Amundi MSCI World UCITS ETF - EUR (C),CW8.PA,519.2745
2024-07-23,Amundi MSCI World UCITS ETF - EUR (C),CW8.PA,524.1567
2024-07-24,Amundi MSCI World UCITS ETF - EUR (C),CW8.PA,515.0570
2024-07-25,Amundi MSCI World UCITS ETF - EUR (C),CW8.PA,512.4387
2024-07-26,Amundi MSCI World UCITS ETF - EUR (C),CW8.PA,513.2952
2024-07-29,Amundi MSCI World UCITS ETF - EUR (C),CW8.PA,514.4264
2024-07-30,Amundi MSCI World UCITS ETF - EUR (C),CW8.PA,514.7399
2024-07-31,Amundi MSCI World UCITS ETF - EUR (C),CW8.PA,522.5437
2024-08-01,Amundi MSCI World UCITS ETF - EUR (C),CW8.PA,517.2160
2024-08-02,Amundi MSCI World UCITS ETF - EUR (C),CW8.PA,496.6101
2024-08-05,Amundi MSCI World UCITS ETF - EUR (C),CW8.PA,485.4674
2024-08-06,Amundi MSCI World UCITS ETF - EUR (C),CW8.PA,489.7593
2024-08-07,Amundi MSCI World UCITS ETF - EUR (C),CW8.PA,496.7696
2024-08-08,Amundi MSCI World UCITS ETF - EUR (C),CW8.PA,496.4933
2024-08-09,Amundi MSCI World UCITS ETF - EUR (C),CW8.PA,498.7512
2024-08-12,Amundi MSCI World UCITS ETF - EUR (C),CW8.PA,499.4729
2024-08-13,Amundi MSCI World UCITS ETF - EUR (C),CW8.PA,504.4794
2024-08-14,Amundi MSCI World UCITS ETF - EUR (C),CW8.PA,505.6992
2024-08-15,Amundi MSCI World UCITS ETF - EUR (C),CW8.PA,514.4654
2024-08-16,Amundi MSCI World UCITS ETF - EUR (C),CW8.PA,515.1780
2024-08-19,Amundi MSCI World UCITS ETF - EUR (C),CW8.PA,516.5307
2024-08-20,Amundi MSCI World UCITS ETF - EUR (C),CW8.PA,515.3331
2024-08-21,Amundi MSCI World UCITS ETF - EUR (C),CW8.PA,515.8782
2024-08-22,Amundi MSCI World UCITS ETF - EUR (C),CW8.PA,516.9308
2024-08-23,Amundi MSCI World UCITS ETF - EUR (C),CW8.PA,516.9622
2024-08-26,Amundi MSCI World UCITS ETF - EUR (C),CW8.PA,516.7673
2024-08-27,Amundi MSCI World UCITS ETF - EUR (C),CW8.PA,516.8910
2024-08-28,Amundi MSCI World UCITS ETF - EUR (C),CW8.PA,516.9531
2024-08-29,Amundi MSCI World UCITS ETF - EUR (C),CW8.PA,523.0382
2024-08-30,Amundi MSCI World UCITS ETF - EUR (C),CW8.PA,521.0153
2024-09-02,Amundi MSCI World UCITS ETF - EUR (C),CW8.PA,524.2014
2024-09-03,Amundi MSCI World UCITS ETF - EUR (C),CW8.PA,519.0213
2024-09-04,Amundi MSCI World UCITS ETF - EUR (C),CW8.PA,512.7256
2024-09-05,Amundi MSCI World UCITS ETF - EUR (C),CW8.PA,509.4581
2024-09-06,Amundi MSCI World UCITS ETF - EUR (C),CW8.PA,502.5419
2024-09-09,Amundi MSCI World UCITS ETF - EUR (C),CW8.PA,508.6728
2024-09-10,Amundi MSCI World UCITS ETF - EUR (C),CW8.PA,509.5445
2024-09-11,Amundi MSCI World UCITS ETF - EUR (C),CW8.PA,507.1432
2024-09-12,Amundi MSCI World UCITS ETF - EUR (C),CW8.PA,516.6148
2024-09-13,Amundi MSCI World UCITS ETF - EUR (C),CW8.PA,520.3691
2024-09-16,Amundi MSCI World UCITS ETF - EUR (C),CW8.PA,518.1000
2024-09-17,Amundi MSCI World UCITS ETF - EUR (C),CW8.PA,521.1305
2024-09-18,Amundi MSCI World UCITS ETF - EUR (C),CW8.PA,518.6319
2024-09-19,Amundi MSCI World UCITS ETF - EUR (C),CW8.PA,525.7596
2024-09-20,Amundi MSCI World UCITS ETF - EUR (C),CW8.PA,522.5788
2024-09-23,Amundi MSCI World UCITS ETF - EUR (C),CW8.PA,526.0325
2024-09-24,Amundi MSCI World UCITS ETF - EUR (C),CW8.PA,525.8091
2024-09-25,Amundi MSCI World UCITS ETF - EUR (C),CW8.PA,526.1288
2024-09-26,Amundi MSCI World UCITS ETF - EUR (C),CW8.PA,527.2878
2024-09-27,Amundi MSCI World UCITS ETF - EUR (C),CW8.PA,529.3312
2024-09-30,Amundi MSCI World UCITS ETF - EUR (C),CW8.PA,528.0172
2024-10-01,Amundi MSCI World UCITS ETF - EUR (C),CW8.PA,529.1800
2024-10-02,Amundi MSCI World UCITS ETF - EUR (C),CW8.PA,531.2226
2024-10-03,Amundi MSCI World UCITS ETF - EUR (C),CW8.PA,529.8676
2024-10-04,Amundi MSCI World UCITS ETF - EUR (C),CW8.PA,533.2826
2024-10-07,Amundi MSCI World UCITS ETF - EUR (C),CW8.PA,534.8238
2024-10-08,Amundi MSCI World UCITS ETF - EUR (C),CW8.PA,534.6273
2024-10-09,Amundi MSCI World UCITS ETF - EUR (C),CW8.PA,537.9098
2024-10-10,Amundi MSCI World UCITS ETF - EUR (C),CW8.PA,539.4319
2024-10-11,Amundi MSCI World UCITS ETF - EUR (C),CW8.PA,541.4578
2024-10-14,Amundi MSCI World UCITS ETF - EUR (C),CW8.PA,545.7426
2024-10-15,Amundi MSCI World UCITS ETF - EUR (C),CW8.PA,544.1517
2024-10-16,Amundi MSCI World UCITS ETF - EUR (C),CW8.PA,544.1865
2024-10-17,Amundi MSCI World UCITS ETF - EUR (C),CW8.PA,549.2599
2024-10-18,Amundi MSCI World UCITS ETF - EUR (C),CW8.PA,548.2901
2024-10-21,Amundi MSCI World UCITS ETF - EUR (C),CW8.PA,546.5499
2024-10-22,Amundi MSCI World UCITS ETF - EUR (C),CW8.PA,547.0920
2024-10-23,Amundi MSCI World UCITS ETF - EUR (C),CW8.PA,545.0689
2024-10-24,Amundi MSCI World UCITS ETF - EUR (C),CW8.PA,544.4286
2024-10-25,Amundi MSCI World UCITS ETF - EUR (C),CW8.PA,546.2999
2024-10-28,Amundi MSCI World UCITS ETF - EUR (C),CW8.PA,545.9570
2024-10-29,Amundi MSCI World UCITS ETF - EUR (C),CW8.PA,546.4709
2024-10-30,Amundi MSCI World UCITS ETF - EUR (C),CW8.PA,543.6517
2024-10-31,Amundi MSCI World UCITS ETF - EUR (C),CW8.PA,534.4171
2024-11-01,Amundi MSCI World UCITS ETF - EUR (C),CW8.PA,538.4003
2024-11-04,Amundi MSCI World UCITS ETF - EUR (C),CW8.PA,533.8000
2024-11-05,Amundi MSCI World UCITS ETF - EUR (C),CW8.PA,536.4600
2024-11-06,Amundi MSCI World UCITS ETF - EUR (C),CW8.PA,553.0086
2024-11-07,Amundi MSCI World UCITS ETF - EUR (C),CW8.PA,556.5263
2024-11-08,Amundi MSCI World UCITS ETF - EUR (C),CW8.PA,560.5193
2024-11-11,Amundi MSCI World UCITS ETF - EUR (C),CW8.PA,566.6094
2024-11-12,Amundi MSCI World UCITS ETF - EUR (C),CW8.PA,564.7814
2024-11-13,Amundi MSCI World UCITS ETF - EUR (C),CW8.PA,566.6852
2024-11-14,Amundi MSCI World UCITS ETF - EUR (C),CW8.PA,566.3443
2024-11-15,Amundi MSCI World UCITS ETF - EUR (C),CW8.PA,559.3517
2024-11-18,Amundi MSCI World UCITS ETF - EUR (C),CW8.PA,560.7080
2024-11-19,Amundi MSCI World UCITS ETF - EUR (C),CW8.PA,560.0883
2024-11-20,Amundi MSCI World UCITS ETF - EUR (C),CW8.PA,560.6566
2024-11-21,Amundi MSCI World UCITS ETF - EUR (C),CW8.PA,568.0811
2024-11-22,Amundi MSCI World UCITS ETF - EUR (C),CW8.PA,574.3263
2024-11-25,Amundi MSCI World UCITS ETF - EUR (C),CW8.PA,573.3783
2024-11-26,Amundi MSCI World UCITS ETF - EUR (C),CW8.PA,573.9454
2024-11-27,Amundi MSCI World UCITS ETF - EUR (C),CW8.PA,569.0729
2024-11-28,Amundi MSCI World UCITS ETF - EUR (C),CW8.PA,571.9232
2024-11-29,Amundi MSCI World UCITS ETF - EUR (C),CW8.PA,574.0116
2024-12-02,Amundi MSCI World UCITS ETF - EUR (C),CW8.PA,578.8052
2024-12-03,Amundi MSCI World UCITS ETF - EUR (C),CW8.PA,578.4058
2024-12-04,Amundi MSCI World UCITS ETF - EUR (C),CW8.PA,580.2022
2024-12-05,Amundi MSCI World UCITS ETF - EUR (C),CW8.PA,579.6776
2024-12-06,Amundi MSCI World UCITS ETF - EUR (C),CW8.PA,579.8652
2024-12-09,Amundi MSCI World UCITS ETF - EUR (C),CW8.PA,577.9988
2024-12-10,Amundi MSCI World UCITS ETF - EUR (C),CW8.PA,578.9642
2024-12-11,Amundi MSCI World UCITS ETF - EUR (C),CW8.PA,582.3544
2024-12-12,Amundi MSCI World UCITS ETF - EUR (C),CW8.PA,581.3306
2024-12-13,Amundi MSCI World UCITS ETF - EUR (C),CW8.PA,578.1915
2024-12-16,Amundi MSCI World UCITS ETF - EUR (C),CW8.PA,579.1807
2024-12-17,Amundi MSCI World UCITS ETF - EUR (C),CW8.PA,577.5823
2024-12-18,Amundi MSCI World UCITS ETF - EUR (C),CW8.PA,578.7501
2024-12-19,Amundi MSCI World UCITS ETF - EUR (C),CW8.PA,569.4891
2024-12-20,Amundi MSCI World UCITS ETF - EUR (C),CW8.PA,570.2941
2024-12-23,Amundi MSCI World UCITS ETF - EUR (C),CW8.PA,569.5718
2024-12-24,Amundi MSCI World UCITS ETF - EUR (C),CW8.PA,574.2828
2024-12-27,Amundi MSCI World UCITS ETF - EUR (C),CW8.PA,572.4967
2024-12-30,Amundi MSCI World UCITS ETF - EUR (C),CW8.PA,570.0639
2024-12-31,Amundi MSCI World UCITS ETF - EUR (C),CW8.PA,570.4490
2025-01-02,Amundi MSCI World UCITS ETF - EUR (C),CW8.PA,576.4610
2025-01-03,Amundi MSCI World UCITS ETF - EUR (C),CW8.PA,575.3281
2025-01-06,Amundi MSCI World UCITS ETF - EUR (C),CW8.PA,579.0903
2025-01-07,Amundi MSCI World UCITS ETF - EUR (C),CW8.PA,574.8021
2025-01-08,Amundi MSCI World UCITS ETF - EUR (C),CW8.PA,575.1836
2025-01-09,Amundi MSCI World UCITS ETF - EUR (C),CW8.PA,575.2633
2025-01-10,Amundi MSCI World UCITS ETF - EUR (C),CW8.PA,569.9826
2025-01-13,Amundi MSCI World UCITS ETF - EUR (C),CW8.PA,569.0404
2025-01-14,Amundi MSCI World UCITS ETF - EUR (C),CW8.PA,568.2829
2025-01-15,Amundi MSCI World UCITS ETF - EUR (C),CW8.PA,577.5994
2025-01-16,Amundi MSCI World UCITS ETF - EUR (C),CW8.PA,579.0487
2025-01-17,Amundi MSCI World UCITS ETF - EUR (C),CW8.PA,584.0484
2025-01-20,Amundi MSCI World UCITS ETF - EUR (C),CW8.PA,581.1771
2025-01-21,Amundi MSCI World UCITS ETF - EUR (C),CW8.PA,581.6029
2025-01-22,Amundi MSCI World UCITS ETF - EUR (C),CW8.PA,586.6264
2025-01-23,Amundi MSCI World UCITS ETF - EUR (C),CW8.PA,587.6348
2025-01-24,Amundi MSCI World UCITS ETF - EUR (C),CW8.PA,584.9175
2025-01-27,Amundi MSCI World UCITS ETF - EUR (C),CW8.PA,575.4808
2025-01-28,Amundi MSCI World UCITS ETF - EUR (C),CW8.PA,582.8464
2025-01-29,Amundi MSCI World UCITS ETF - EUR (C),CW8.PA,584.7312
2025-01-30,Amundi MSCI World UCITS ETF - EUR (C),CW8.PA,586.2173
2025-01-31,Amundi MSCI World UCITS ETF - EUR (C),CW8.PA,592.1448
2025-02-03,Amundi MSCI World UCITS ETF - EUR (C),CW8.PA,586.8808
2025-02-04,Amundi MSCI World UCITS ETF - EUR (C),CW8.PA,586.7383
2025-02-05,Amundi MSCI World UCITS ETF - EUR (C),CW8.PA,584.8790
2025-02-06,Amundi MSCI World UCITS ETF - EUR (C),CW8.PA,591.6759
2025-02-07,Amundi MSCI World UCITS ETF - EUR (C),CW8.PA,590.6681
2025-02-10,Amundi MSCI World UCITS ETF - EUR (C),CW8.PA,593.8081
2025-02-11,Amundi MSCI World UCITS ETF - EUR (C),CW8.PA,592.3074
2025-02-12,Amundi MSCI World UCITS ETF - EUR (C),CW8.PA,588.3859
2025-02-13,Amundi MSCI World UCITS ETF - EUR (C),CW8.PA,591.4080
2025-02-14,Amundi MSCI World UCITS ETF - EUR (C),CW8.PA,590.0316
2025-02-17,Amundi MSCI World UCITS ETF - EUR (C),CW8.PA,593.1585
2025-02-18,Amundi MSCI World UCITS ETF - EUR (C),CW8.PA,593.3966
2025-02-19,Amundi MSCI World UCITS ETF - EUR (C),CW8.PA,595.3678
2025-02-20,Amundi MSCI World UCITS ETF - EUR (C),CW8.PA,589.3996
2025-02-21,Amundi MSCI World UCITS ETF - EUR (C),CW8.PA,590.0645
2025-02-24,Amundi MSCI World UCITS ETF - EUR (C),CW8.PA,583.1928
2025-02-25,Amundi MSCI World UCITS ETF - EUR (C),CW8.PA,574.5962
2025-02-26,Amundi MSCI World UCITS ETF - EUR (C),CW8.PA,582.2307
2025-02-27,Amundi MSCI World UCITS ETF - EUR (C),CW8.PA,583.1388
2025-02-28,Amundi MSCI World UCITS ETF - EUR (C),CW8.PA,576.5717
2025-03-03,Amundi MSCI World UCITS ETF - EUR (C),CW8.PA,578.1888
2025-03-04,Amundi MSCI World UCITS ETF - EUR (C),CW8.PA,559.3274
2025-03-05,Amundi MSCI World UCITS ETF - EUR (C),CW8.PA,551.2720
2025-03-06,Amundi MSCI World UCITS ETF - EUR (C),CW8.PA,552.6717
2025-03-07,Amundi MSCI World UCITS ETF - EUR (C),CW8.PA,542.1644
2025-03-10,Amundi MSCI World UCITS ETF - EUR (C),CW8.PA,538.3056
2025-03-11,Amundi MSCI World UCITS ETF - EUR (C),CW8.PA,526.8592
2025-03-12,Amundi MSCI World UCITS ETF - EUR (C),CW8.PA,532.6235
2025-03-13,Amundi MSCI World UCITS ETF - EUR (C),CW8.PA,528.7271
2025-03-14,Amundi MSCI World UCITS ETF - EUR (C),CW8.PA,534.8138
2025-03-17,Amundi MSCI World UCITS ETF - EUR (C),CW8.PA,537.1049
2025-03-18,Amundi MSCI World UCITS ETF - EUR (C),CW8.PA,534.8769
2025-03-19,Amundi MSCI World UCITS ETF - EUR (C),CW8.PA,540.7275
2025-03-20,Amundi MSCI World UCITS ETF - EUR (C),CW8.PA,542.2932
2025-03-21,Amundi MSCI World UCITS ETF - EUR (C),CW8.PA,540.9141
2025-03-24,Amundi MSCI World UCITS ETF - EUR (C),CW8.PA,550.5506
2025-03-25,Amundi MSCI World UCITS ETF - EUR (C),CW8.PA,551.2753
2025-03-26,Amundi MSCI World UCITS ETF - EUR (C),CW8.PA,548.6864
2025-03-27,Amundi MSCI World UCITS ETF - EUR (C),CW8.PA,546.5972
2025-03-28,Amundi MSCI World UCITS ETF - EUR (C),CW8.PA,534.8367
2025-03-31,Amundi MSCI World UCITS ETF - EUR (C),CW8.PA,530.8209
2025-04-01,Amundi MSCI World UCITS ETF - EUR (C),CW8.PA,538.1062
2025-04-02,Amundi MSCI World UCITS ETF - EUR (C),CW8.PA,537.5651
2025-04-03,Amundi MSCI World UCITS ETF - EUR (C),CW8.PA,511.1538
2025-04-04,Amundi MSCI World UCITS ETF - EUR (C),CW8.PA,487.8800
2025-04-07,Amundi MSCI World UCITS ETF - EUR (C),CW8.PA,472.9313
2025-04-08,Amundi MSCI World UCITS ETF - EUR (C),CW8.PA,489.4586
2025-04-09,Amundi MSCI World UCITS ETF - EUR (C),CW8.PA,466.4326
2025-04-10,Amundi MSCI World UCITS ETF - EUR (C),CW8.PA,484.8924
2025-04-11,Amundi MSCI World UCITS ETF - EUR (C),CW8.PA,479.9277
2025-04-14,Amundi MSCI World UCITS ETF - EUR (C),CW8.PA,493.7211
2025-04-15,Amundi MSCI World UCITS ETF - EUR (C),CW8.PA,498.5668
2025-04-16,Amundi MSCI World UCITS ETF - EUR (C),CW8.PA,492.7901
2025-04-17,Amundi MSCI World UCITS ETF - EUR (C),CW8.PA,487.9395
2025-04-22,Amundi MSCI World UCITS ETF - EUR (C),CW8.PA,484.1396
2025-04-23,Amundi MSCI World UCITS ETF - EUR (C),CW8.PA,498.7203
2025-04-24,Amundi MSCI World UCITS ETF - EUR (C),CW8.PA,502.3108
2025-04-25,Amundi MSCI World UCITS ETF - EUR (C),CW8.PA,505.0982
2025-04-28,Amundi MSCI World UCITS ETF - EUR (C),CW8.PA,506.3199
2025-04-29,Amundi MSCI World UCITS ETF - EUR (C),CW8.PA,508.3318
2025-04-30,Amundi MSCI World UCITS ETF - EUR (C),CW8.PA,510.1717
2025-05-02,Amundi MSCI World UCITS ETF - EUR (C),CW8.PA,522.7183
2025-05-05,Amundi MSCI World UCITS ETF - EUR (C),CW8.PA,523.6018
2025-05-06,Amundi MSCI World UCITS ETF - EUR (C),CW8.PA,520.8344
2025-05-07,Amundi MSCI World UCITS ETF - EUR (C),CW8.PA,518.2966
2025-05-08,Amundi MSCI World UCITS ETF - EUR (C),CW8.PA,526.6038
2025-05-09,Amundi MSCI World UCITS ETF - EUR (C),CW8.PA,526.2574
2025-05-12,Amundi MSCI World UCITS ETF - EUR (C),CW8.PA,543.5106
2025-05-13,Amundi MSCI World UCITS ETF - EUR (C),CW8.PA,547.1703
2025-05-14,Amundi MSCI World UCITS ETF - EUR (C),CW8.PA,545.6932
2025-05-15,Amundi MSCI World UCITS ETF - EUR (C),CW8.PA,547.7495
2025-05-16,Amundi MSCI World UCITS ETF - EUR (C),CW8.PA,551.5934
2025-05-19,Amundi MSCI World UCITS ETF - EUR (C),CW8.PA,548.4131
2025-05-20,Amundi MSCI World UCITS ETF - EUR (C),CW8.PA,549.8207
2025-05-21,Amundi MSCI World UCITS ETF - EUR (C),CW8.PA,545.6115
2025-05-22,Amundi MSCI World UCITS ETF - EUR (C),CW8.PA,541.0929
2025-05-23,Amundi MSCI World UCITS ETF - EUR (C),CW8.PA,535.2138
2025-05-26,Amundi MSCI World UCITS ETF - EUR (C),CW8.PA,540.1476
2025-05-27,Amundi MSCI World UCITS ETF - EUR (C),CW8.PA,544.1965
2025-05-28,Amundi MSCI World UCITS ETF - EUR (C),CW8.PA,545.2884
2025-05-29,Amundi MSCI World UCITS ETF - EUR (C),CW8.PA,542.4860
2025-05-30,Amundi MSCI World UCITS ETF - EUR (C),CW8.PA,543.0344
2025-06-02,Amundi MSCI World UCITS ETF - EUR (C),CW8.PA,539.9836
2025-06-03,Amundi MSCI World UCITS ETF - EUR (C),CW8.PA,546.5398
2025-06-04,Amundi MSCI World UCITS ETF - EUR (C),CW8.PA,546.8607
2025-06-05,Amundi MSCI World UCITS ETF - EUR (C),CW8.PA,547.4265
2025-06-06,Amundi MSCI World UCITS ETF - EUR (C),CW8.PA,549.2346
2025-06-09,Amundi MSCI World UCITS ETF - EUR (C),CW8.PA,548.9908
2025-06-10,Amundi MSCI World UCITS ETF - EUR (C),CW8.PA,549.2747
2025-06-11,Amundi MSCI World UCITS ETF - EUR (C),CW8.PA,548.9804
2025-06-12,Amundi MSCI World UCITS ETF - EUR (C),CW8.PA,544.2470
2025-06-13,Amundi MSCI World UCITS ETF - EUR (C),CW8.PA,542.3908
2025-06-16,Amundi MSCI World UCITS ETF - EUR (C),CW8.PA,544.1924
2025-06-17,Amundi MSCI World UCITS ETF - EUR (C),CW8.PA,542.9141
2025-06-18,Amundi MSCI World UCITS ETF - EUR (C),CW8.PA,542.8787
2025-06-19,Amundi MSCI World UCITS ETF - EUR (C),CW8.PA,538.1837
2025-06-20,Amundi MSCI World UCITS ETF - EUR (C),CW8.PA,539.7989
2025-06-23,Amundi MSCI World UCITS ETF - EUR (C),CW8.PA,538.7509
2025-06-24,Amundi MSCI World UCITS ETF - EUR (C),CW8.PA,543.7871
2025-06-25,Amundi MSCI World UCITS ETF - EUR (C),CW8.PA,543.0365
2025-06-26,Amundi MSCI World UCITS ETF - EUR (C),CW8.PA,543.2631
2025-06-27,Amundi MSCI World UCITS ETF - EUR (C),CW8.PA,547.8564
2025-06-30,Amundi MSCI World UCITS ETF - EUR (C),CW8.PA,546.7685
2025-07-01,Amundi MSCI World UCITS ETF - EUR (C),CW8.PA,545.7205
2025-07-02,Amundi MSCI World UCITS ETF - EUR (C),CW8.PA,547.2064
2025-07-03,Amundi MSCI World UCITS ETF - EUR (C),CW8.PA,552.8063
2025-07-04,Amundi MSCI World UCITS ETF - EUR (C),CW8.PA,549.1730
2025-07-07,Amundi MSCI World UCITS ETF - EUR (C),CW8.PA,550.9553
2025-07-08,Amundi MSCI World UCITS ETF - EUR (C),CW8.PA,551.2146
2025-07-09,Amundi MSCI World UCITS ETF - EUR (C),CW8.PA,552.7419
2025-07-10,Amundi MSCI World UCITS ETF - EUR (C),CW8.PA,556.6496
2025-07-11,Amundi MSCI World UCITS ETF - EUR (C),CW8.PA,553.2367
2025-07-14,Amundi MSCI World UCITS ETF - EUR (C),CW8.PA,553.9241
2025-07-15,Amundi MSCI World UCITS ETF - EUR (C),CW8.PA,556.9536
2025-07-16,Amundi MSCI World UCITS ETF - EUR (C),CW8.PA,549.1871
2025-07-17,Amundi MSCI World UCITS ETF - EUR (C),CW8.PA,559.8345
2025-07-18,Amundi MSCI World UCITS ETF - EUR (C),CW8.PA,558.3393
2025-07-21,Amundi MSCI World UCITS ETF - EUR (C),CW8.PA,558.8902
2025-07-22,Amundi MSCI World UCITS ETF - EUR (C),CW8.PA,555.1430
2025-07-23,Amundi MSCI World UCITS ETF - EUR (C),CW8.PA,559.7562
2025-07-24,Amundi MSCI World UCITS ETF - EUR (C),CW8.PA,560.9948
2025-07-25,Amundi MSCI World UCITS ETF - EUR (C),CW8.PA,562.0809
2025-07-28,Amundi MSCI World UCITS ETF - EUR (C),CW8.PA,566.7839
2025-07-29,Amundi MSCI World UCITS ETF - EUR (C),CW8.PA,569.0629
2025-07-30,Amundi MSCI World UCITS ETF - EUR (C),CW8.PA,571.8140
2025-07-31,Amundi MSCI World UCITS ETF - EUR (C),CW8.PA,573.0359
2025-08-01,Amundi MSCI World UCITS ETF - EUR (C),CW8.PA,556.1314
2025-08-04,Amundi MSCI World UCITS ETF - EUR (C),CW8.PA,562.5999
2025-08-05,Amundi MSCI World UCITS ETF - EUR (C),CW8.PA,561.3965
2025-08-06,Amundi MSCI World UCITS ETF - EUR (C),CW8.PA,562.7267
2025-08-07,Amundi MSCI World UCITS ETF - EUR (C),CW8.PA,563.7656
2025-08-08,Amundi MSCI World UCITS ETF - EUR (C),CW8.PA,565.4009
2025-08-11,Amundi MSCI World UCITS ETF - EUR (C),CW8.PA,568.7961
2025-08-12,Amundi MSCI World UCITS ETF - EUR (C),CW8.PA,568.9375
2025-08-13,Amundi MSCI World UCITS ETF - EUR (C),CW8.PA,569.6844
2025-08-14,Amundi MSCI World UCITS ETF - EUR (C),CW8.PA,572.5776
2025-08-15,Amundi MSCI World UCITS ETF - EUR (C),CW8.PA,570.9971
2025-08-18,Amundi MSCI World UCITS ETF - EUR (C),CW8.PA,571.8307
2025-08-19,Amundi MSCI World UCITS ETF - EUR (C),CW8.PA,571.9088
2025-08-20,Amundi MSCI World UCITS ETF - EUR (C),CW8.PA,568.8384
2025-08-21,Amundi MSCI World UCITS ETF - EUR (C),CW8.PA,570.7343
2025-08-22,Amundi MSCI World UCITS ETF - EUR (C),CW8.PA,573.7340
2025-08-25,Amundi MSCI World UCITS ETF - EUR (C),CW8.PA,573.4742
2025-08-26,Amundi MSCI World UCITS ETF - EUR (C),CW8.PA,572.2486
2025-08-27,Amundi MSCI World UCITS ETF - EUR (C),CW8.PA,576.6580
2025-08-28,Amundi MSCI World UCITS ETF - EUR (C),CW8.PA,575.1166
2025-08-29,Amundi MSCI World UCITS ETF - EUR (C),CW8.PA,570.9293
2025-09-01,Amundi MSCI World UCITS ETF - EUR (C),CW8.PA,572.4995
2025-09-02,Amundi MSCI World UCITS ETF - EUR (C),CW8.PA,565.9275
2025-09-03,Amundi MSCI World UCITS ETF - EUR (C),CW8.PA,569.8292
2025-09-04,Amundi MSCI World UCITS ETF - EUR (C),CW8.PA,574.5477
2025-09-05,Amundi MSCI World UCITS ETF - EUR (C),CW8.PA,570.6262
2025-09-08,Amundi MSCI World UCITS ETF - EUR (C),CW8.PA,574.2750
2025-09-09,Amundi MSCI World UCITS ETF - EUR (C),CW8.PA,574.2973
2025-09-10,Amundi MSCI World UCITS ETF - EUR (C),CW8.PA,577.3792
2025-09-11,Amundi MSCI World UCITS ETF - EUR (C),CW8.PA,581.0699
2025-09-12,Amundi MSCI World UCITS ETF - EUR (C),CW8.PA,581.3754
2025-09-15,Amundi MSCI World UCITS ETF - EUR (C),CW8.PA,581.8426
2025-09-16,Amundi MSCI World UCITS ETF - EUR (C),CW8.PA,577.1004
2025-09-17,Amundi MSCI World UCITS ETF - EUR (C),CW8.PA,576.5342
2025-09-18,Amundi MSCI World UCITS ETF - EUR (C),CW8.PA,583.0495
2025-09-19,Amundi MSCI World UCITS ETF - EUR (C),CW8.PA,583.7121
2025-09-22,Amundi MSCI World UCITS ETF - EUR (C),CW8.PA,584.9273
2025-09-23,Amundi MSCI World UCITS ETF - EUR (C),CW8.PA,585.3221
2025-09-24,Amundi MSCI World UCITS ETF - EUR (C),CW8.PA,584.3791
2025-09-25,Amundi MSCI World UCITS ETF - EUR (C),CW8.PA,583.7137
2025-09-26,Amundi MSCI World UCITS ETF - EUR (C),CW8.PA,584.1862
2025-09-29,Amundi MSCI World UCITS ETF - EUR (C),CW8.PA,585.7372
2025-09-30,Amundi MSCI World UCITS ETF - EUR (C),CW8.PA,585.0723
2025-10-01,Amundi MSCI World UCITS ETF - EUR (C),CW8.PA,589.4084
2025-10-02,Amundi MSCI World UCITS ETF - EUR (C),CW8.PA,591.4833
2025-10-03,Amundi MSCI World UCITS ETF - EUR (C),CW8.PA,593.9929
2025-10-06,Amundi MSCI World UCITS ETF - EUR (C),CW8.PA,595.9448
2025-10-07,Amundi MSCI World UCITS ETF - EUR (C),CW8.PA,595.0968
2025-10-08,Amundi MSCI World UCITS ETF - EUR (C),CW8.PA,600.3616
2025-10-09,Amundi MSCI World UCITS ETF - EUR (C),CW8.PA,600.6021
2025-10-10,Amundi MSCI World UCITS ETF - EUR (C),CW8.PA,588.7522
2025-10-13,Amundi MSCI World UCITS ETF - EUR (C),CW8.PA,593.5379
2025-10-14,Amundi MSCI World UCITS ETF - EUR (C),CW8.PA,590.6366
2025-10-15,Amundi MSCI World UCITS ETF - EUR (C),CW8.PA,594.2838
2025-10-16,Amundi MSCI World UCITS ETF - EUR (C),CW8.PA,593.5756
2025-10-17,Amundi MSCI World UCITS ETF - EUR (C),CW8.PA,587.3820
2025-10-20,Amundi MSCI World UCITS ETF - EUR (C),CW8.PA,597.4636
2025-10-21,Amundi MSCI World UCITS ETF - EUR (C),CW8.PA,599.8143
2025-10-22,Amundi MSCI World UCITS ETF - EUR (C),CW8.PA,596.3158
2025-10-23,Amundi MSCI World UCITS ETF - EUR (C),CW8.PA,598.8233
2025-10-24,Amundi MSCI World UCITS ETF - EUR (C),CW8.PA,602.3394
2025-10-27,Amundi MSCI World UCITS ETF - EUR (C),CW8.PA,607.1622
2025-10-28,Amundi MSCI World UCITS ETF - EUR (C),CW8.PA,608.4171
2025-10-29,Amundi MSCI World UCITS ETF - EUR (C),CW8.PA,609.3474
2025-10-30,Amundi MSCI World UCITS ETF - EUR (C),CW8.PA,610.1877
2025-10-31,Amundi MSCI World UCITS ETF - EUR (C),CW8.PA,609.3746
2025-11-03,Amundi MSCI World UCITS ETF - EUR (C),CW8.PA,610.4960
2025-11-04,Amundi MSCI World UCITS ETF - EUR (C),CW8.PA,608.1931
2025-11-05,Amundi MSCI World UCITS ETF - EUR (C),CW8.PA,609.1756
2025-11-06,Amundi MSCI World UCITS ETF - EUR (C),CW8.PA,600.5833
2025-11-07,Amundi MSCI World UCITS ETF - EUR (C),CW8.PA,592.7786
2025-11-10,Amundi MSCI World UCITS ETF - EUR (C),CW8.PA,604.5495
2025-11-11,Amundi MSCI World UCITS ETF - EUR (C),CW8.PA,606.7432
2025-11-12,Amundi MSCI World UCITS ETF - EUR (C),CW8.PA,610.2710
2025-11-13,Amundi MSCI World UCITS ETF - EUR (C),CW8.PA,602.5795
2025-11-14,Amundi MSCI World UCITS ETF - EUR (C),CW8.PA,601.0351
2025-11-17,Amundi MSCI World UCITS ETF - EUR (C),CW8.PA,598.4595
2025-11-18,Amundi MSCI World UCITS ETF - EUR (C),CW8.PA,590.6541
2025-11-19,Amundi MSCI World UCITS ETF - EUR (C),CW8.PA,592.1500
2025-11-20,Amundi MSCI World UCITS ETF - EUR (C),CW8.PA,596.2354
2025-11-21,Amundi MSCI World UCITS ETF - EUR (C),CW8.PA,589.4534
2025-11-24,Amundi MSCI World UCITS ETF - EUR (C),CW8.PA,597.2940
2025-11-25,Amundi MSCI World UCITS ETF - EUR (C),CW8.PA,598.7476
2025-11-26,Amundi MSCI World UCITS ETF - EUR (C),CW8.PA,605.9469
2025-11-27,Amundi MSCI World UCITS ETF - EUR (C),CW8.PA,605.3956
2025-11-28,Amundi MSCI World UCITS ETF - EUR (C),CW8.PA,607.6910
2025-12-01,Amundi MSCI World UCITS ETF - EUR (C),CW8.PA,605.2190
2025-12-02,Amundi MSCI World UCITS ETF - EUR (C),CW8.PA,605.2636
2025-12-03,Amundi MSCI World UCITS ETF - EUR (C),CW8.PA,605.1312
2025-12-04,Amundi MSCI World UCITS ETF - EUR (C),CW8.PA,606.8750
2025-12-05,Amundi MSCI World UCITS ETF - EUR (C),CW8.PA,609.0852
2025-12-08,Amundi MSCI World UCITS ETF - EUR (C),CW8.PA,608.0485
2025-12-09,Amundi MSCI World UCITS ETF - EUR (C),CW8.PA,608.6930
2025-12-10,Amundi MSCI World UCITS ETF - EUR (C),CW8.PA,607.3182
2025-12-11,Amundi MSCI World UCITS ETF - EUR (C),CW8.PA,605.2065
2025-12-12,Amundi MSCI World UCITS ETF - EUR (C),CW8.PA,601.4196
2025-12-15,Amundi MSCI World UCITS ETF - EUR (C),CW8.PA,602.4730
2025-12-16,Amundi MSCI World UCITS ETF - EUR (C),CW8.PA,598.3831
2025-12-17,Amundi MSCI World UCITS ETF - EUR (C),CW8.PA,595.7760
2025-12-18,Amundi MSCI World UCITS ETF - EUR (C),CW8.PA,602.3497
2025-12-19,Amundi MSCI World UCITS ETF - EUR (C),CW8.PA,605.0000
2025-12-22,Amundi MSCI World UCITS ETF - EUR (C),CW8.PA,606.1646
2025-12-23,Amundi MSCI World UCITS ETF - EUR (C),CW8.PA,607.7027
2025-12-24,Amundi MSCI World UCITS ETF - EUR (C),CW8.PA,608.0139
2025-12-29,Amundi MSCI World UCITS ETF - EUR (C),CW8.PA,608.3602
2025-12-30,Amundi MSCI World UCITS ETF - EUR (C),CW8.PA,609.6420
2025-12-31,Amundi MSCI World UCITS ETF - EUR (C),CW8.PA,608.1900
2026-01-02,Amundi MSCI World UCITS ETF - EUR (C),CW8.PA,606.7536
2026-01-05,Amundi MSCI World UCITS ETF - EUR (C),CW8.PA,614.3246
2026-01-06,Amundi MSCI World UCITS ETF - EUR (C),CW8.PA,616.4218
2026-01-07,Amundi MSCI World UCITS ETF - EUR (C),CW8.PA,618.3140
2026-01-08,Amundi MSCI World UCITS ETF - EUR (C),CW8.PA,617.3716
2026-01-09,Amundi MSCI World UCITS ETF - EUR (C),CW8.PA,622.3244
2026-01-12,Amundi MSCI World UCITS ETF - EUR (C),CW8.PA,622.1606
2026-01-13,Amundi MSCI World UCITS ETF - EUR (C),CW8.PA,623.0047
2026-01-14,Amundi MSCI World UCITS ETF - EUR (C),CW8.PA,619.5532
2026-01-15,Amundi MSCI World UCITS ETF - EUR (C),CW8.PA,626.6227
2026-01-16,Amundi MSCI World UCITS ETF - EUR (C),CW8.PA,625.2363
2026-01-19,Amundi MSCI World UCITS ETF - EUR (C),CW8.PA,616.3501
2026-01-20,Amundi MSCI World UCITS ETF - EUR (C),CW8.PA,611.3500
2026-01-21,Amundi MSCI World UCITS ETF - EUR (C),CW8.PA,611.3770
2026-01-22,Amundi MSCI World UCITS ETF - EUR (C),CW8.PA,615.6183
2026-01-23,Amundi MSCI World UCITS ETF - EUR (C),CW8.PA,614.5624
2026-01-26,Amundi MSCI World UCITS ETF - EUR (C),CW8.PA,612.3566
2026-01-27,Amundi MSCI World UCITS ETF - EUR (C),CW8.PA,611.0307
2026-01-28,Amundi MSCI World UCITS ETF - EUR (C),CW8.PA,612.5085
2026-01-29,Amundi MSCI World UCITS ETF - EUR (C),CW8.PA,606.8568
2026-01-30,Amundi MSCI World UCITS ETF - EUR (C),CW8.PA,611.1150
2026-02-02,Amundi MSCI World UCITS ETF - EUR (C),CW8.PA,617.8000
2026-02-03,Amundi MSCI World UCITS ETF - EUR (C),CW8.PA,615.1481
2026-02-04,Amundi MSCI World UCITS ETF - EUR (C),CW8.PA,613.5783
2026-02-05,Amundi MSCI World UCITS ETF - EUR (C),CW8.PA,608.0579
2026-02-06,Amundi MSCI World UCITS ETF - EUR (C),CW8.PA,613.7445
2026-02-09,Amundi MSCI World UCITS ETF - EUR (C),CW8.PA,616.9985
2026-02-10,Amundi MSCI World UCITS ETF - EUR (C),CW8.PA,618.0642
2026-02-11,Amundi MSCI World UCITS ETF - EUR (C),CW8.PA,618.2242
2026-02-12,Amundi MSCI World UCITS ETF - EUR (C),CW8.PA,612.3703
2026-02-13,Amundi MSCI World UCITS ETF - EUR (C),CW8.PA,611.8086
2026-02-16,Amundi MSCI World UCITS ETF - EUR (C),CW8.PA,610.5217
2026-02-17,Amundi MSCI World UCITS ETF - EUR (C),CW8.PA,611.9245
2026-02-18,Amundi MSCI World UCITS ETF - EUR (C),CW8.PA,618.6981
2026-02-19,Amundi MSCI World UCITS ETF - EUR (C),CW8.PA,617.9340
2026-02-20,Amundi MSCI World UCITS ETF - EUR (C),CW8.PA,619.5719
2026-02-23,Amundi MSCI World UCITS ETF - EUR (C),CW8.PA,614.9888
2026-02-24,Amundi MSCI World UCITS ETF - EUR (C),CW8.PA,617.6862
2026-02-25,Amundi MSCI World UCITS ETF - EUR (C),CW8.PA,622.0440
2026-02-26,Amundi MSCI World UCITS ETF - EUR (C),CW8.PA,620.9830
2026-02-27,Amundi MSCI World UCITS ETF - EUR (C),CW8.PA,618.4261
2026-03-02,Amundi MSCI World UCITS ETF - EUR (C),CW8.PA,620.0997
2026-03-03,Amundi MSCI World UCITS ETF - EUR (C),CW8.PA,613.1532
2026-03-04,Amundi MSCI World UCITS ETF - EUR (C),CW8.PA,620.0256
2026-03-05,Amundi MSCI World UCITS ETF - EUR (C),CW8.PA,616.9643
2026-03-06,Amundi MSCI World UCITS ETF - EUR (C),CW8.PA,610.0279
2026-03-09,Amundi MSCI World UCITS ETF - EUR (C),CW8.PA,607.3408
2026-03-10,Amundi MSCI World UCITS ETF - EUR (C),CW8.PA,615.7910
2026-03-11,Amundi MSCI World UCITS ETF - EUR (C),CW8.PA,613.5267
2026-03-12,Amundi MSCI World UCITS ETF - EUR (C),CW8.PA,610.6210
2026-03-13,Amundi MSCI World UCITS ETF - EUR (C),CW8.PA,609.5379
2026-03-16,Amundi MSCI World UCITS ETF - EUR (C),CW8.PA,611.1599
2026-03-17,Amundi MSCI World UCITS ETF - EUR (C),CW8.PA,612.3311
2026-03-18,Amundi MSCI World UCITS ETF - EUR (C),CW8.PA,608.6227
2026-03-19,Amundi MSCI World UCITS ETF - EUR (C),CW8.PA,598.3968
2026-03-20,Amundi MSCI World UCITS ETF - EUR (C),CW8.PA,592.5718
2026-03-23,Amundi MSCI World UCITS ETF - EUR (C),CW8.PA,594.9009
2026-03-24,Amundi MSCI World UCITS ETF - EUR (C),CW8.PA,595.0454
2026-03-25,Amundi MSCI World UCITS ETF - EUR (C),CW8.PA,599.9643
2026-03-26,Amundi MSCI World UCITS ETF - EUR (C),CW8.PA,593.5316
2026-03-27,Amundi MSCI World UCITS ETF - EUR (C),CW8.PA,585.3667
2026-03-30,Amundi MSCI World UCITS ETF - EUR (C),CW8.PA,589.2765
2026-03-31,Amundi MSCI World UCITS ETF - EUR (C),CW8.PA,589.2282
2026-04-01,Amundi MSCI World UCITS ETF - EUR (C),CW8.PA,600.5727
2026-04-02,Amundi MSCI World UCITS ETF - EUR (C),CW8.PA,600.7105
2026-04-07,Amundi MSCI World UCITS ETF - EUR (C),CW8.PA,597.3184
2026-04-08,Amundi MSCI World UCITS ETF - EUR (C),CW8.PA,612.6048
2026-04-09,Amundi MSCI World UCITS ETF - EUR (C),CW8.PA,613.3046
2026-04-10,Amundi MSCI World UCITS ETF - EUR (C),CW8.PA,614.9982
2026-04-13,Amundi MSCI World UCITS ETF - EUR (C),CW8.PA,614.7159
2026-04-14,Amundi MSCI World UCITS ETF - EUR (C),CW8.PA,621.5798
2026-04-15,Amundi MSCI World UCITS ETF - EUR (C),CW8.PA,623.9108
2026-04-16,Amundi MSCI World UCITS ETF - EUR (C),CW8.PA,627.6657
2026-04-17,Amundi MSCI World UCITS ETF - EUR (C),CW8.PA,634.9898
2026-04-20,Amundi MSCI World UCITS ETF - EUR (C),CW8.PA,632.6003
2026-04-21,Amundi MSCI World UCITS ETF - EUR (C),CW8.PA,631.9888
2026-04-22,Amundi MSCI World UCITS ETF - EUR (C),CW8.PA,634.7772
2026-04-23,Amundi MSCI World UCITS ETF - EUR (C),CW8.PA,636.7293
2026-04-24,Amundi MSCI World UCITS ETF - EUR (C),CW8.PA,635.7251
2026-04-27,Amundi MSCI World UCITS ETF - EUR (C),CW8.PA,634.8997
2026-04-28,Amundi MSCI World UCITS ETF - EUR (C),CW8.PA,632.8626
2026-04-29,Amundi MSCI World UCITS ETF - EUR (C),CW8.PA,632.9304
2026-04-30,Amundi MSCI World UCITS ETF - EUR (C),CW8.PA,637.1630
2026-05-04,Amundi MSCI World UCITS ETF - EUR (C),CW8.PA,638.9407
2026-05-05,Amundi MSCI World UCITS ETF - EUR (C),CW8.PA,643.4070
2026-05-06,Amundi MSCI World UCITS ETF - EUR (C),CW8.PA,650.8265
2026-05-07,Amundi MSCI World UCITS ETF - EUR (C),CW8.PA,651.3562
2026-05-08,Amundi MSCI World UCITS ETF - EUR (C),CW8.PA,650.6510
2026-05-11,Amundi MSCI World UCITS ETF - EUR (C),CW8.PA,653.0784
2026-05-12,Amundi MSCI World UCITS ETF - EUR (C),CW8.PA,648.9015
2026-05-13,Amundi MSCI World UCITS ETF - EUR (C),CW8.PA,655.8476
2026-05-14,Amundi MSCI World UCITS ETF - EUR (C),CW8.PA,664.5435
2026-05-15,Amundi MSCI World UCITS ETF - EUR (C),CW8.PA,659.1120
2026-05-18,Amundi MSCI World UCITS ETF - EUR (C),CW8.PA,655.6935
2026-05-19,Amundi MSCI World UCITS ETF - EUR (C),CW8.PA,655.1337
2026-05-20,Amundi MSCI World UCITS ETF - EUR (C),CW8.PA,661.6099
2026-05-21,Amundi MSCI World UCITS ETF - EUR (C),CW8.PA,661.8382
2026-05-22,Amundi MSCI World UCITS ETF - EUR (C),CW8.PA,668.8516
2026-05-25,Amundi MSCI World UCITS ETF - EUR (C),CW8.PA,672.4999
2026-05-26,Amundi MSCI World UCITS ETF - EUR (C),CW8.PA,670.4127
2026-05-27,Amundi MSCI World UCITS ETF - EUR (C),CW8.PA,669.3281
2026-05-28,Amundi MSCI World UCITS ETF - EUR (C),CW8.PA,670.9235
2026-05-29,Amundi MSCI World UCITS ETF - EUR (C),CW8.PA,671.9982
2026-06-01,Amundi MSCI World UCITS ETF - EUR (C),CW8.PA,673.9698
2026-06-02,Amundi MSCI World UCITS ETF - EUR (C),CW8.PA,676.8662
2026-06-03,Amundi MSCI World UCITS ETF - EUR (C),CW8.PA,674.9735
2026-06-04,Amundi MSCI World UCITS ETF - EUR (C),CW8.PA,674.7666
2026-06-05,Amundi MSCI World UCITS ETF - EUR (C),CW8.PA,671.5336
2026-06-08,Amundi MSCI World UCITS ETF - EUR (C),CW8.PA,667.5456
2026-06-09,Amundi MSCI World UCITS ETF - EUR (C),CW8.PA,657.8582
2026-06-10,Amundi MSCI World UCITS ETF - EUR (C),CW8.PA,657.4035
2026-06-11,Amundi MSCI World UCITS ETF - EUR (C),CW8.PA,658.0413
2026-06-12,Amundi MSCI World UCITS ETF - EUR (C),CW8.PA,668.4645
2026-06-15,Amundi MSCI World UCITS ETF - EUR (C),CW8.PA,676.5889
2026-06-16,Amundi MSCI World UCITS ETF - EUR (C),CW8.PA,675.8769
2026-06-17,Amundi MSCI World UCITS ETF - EUR (C),CW8.PA,676.2673
2026-06-18,Amundi MSCI World UCITS ETF - EUR (C),CW8.PA,678.6900
2026-06-19,Amundi MSCI World UCITS ETF - EUR (C),CW8.PA,679.2000
2026-06-22,Amundi MSCI World UCITS ETF - EUR (C),CW8.PA,680.5600
2026-06-23,Amundi MSCI World UCITS ETF - EUR (C),CW8.PA,674.7000
2026-06-24,Amundi MSCI World UCITS ETF - EUR (C),CW8.PA,679.2500
2026-06-25,Amundi MSCI World UCITS ETF - EUR (C),CW8.PA,675.4000
2026-06-26,Amundi MSCI World UCITS ETF - EUR (C),CW8.PA,673.5700
2026-06-29,Amundi MSCI World UCITS ETF - EUR (C),CW8.PA,674.3600
2026-06-30,Amundi MSCI World UCITS ETF - EUR (C),CW8.PA,681.2300
2026-07-01,Amundi MSCI World UCITS ETF - EUR (C),CW8.PA,685.2500
2026-07-02,Amundi MSCI World UCITS ETF - EUR (C),CW8.PA,681.9800
2026-07-03,Amundi MSCI World UCITS ETF - EUR (C),CW8.PA,684.5200
2026-07-06,Amundi MSCI World UCITS ETF - EUR (C),CW8.PA,687.7400
2026-07-07,Amundi MSCI World UCITS ETF - EUR (C),CW8.PA,682.5300
2026-07-08,Amundi MSCI World UCITS ETF - EUR (C),CW8.PA,677.5400
2026-07-09,Amundi MSCI World UCITS ETF - EUR (C),CW8.PA,684.2400
2026-07-10,Amundi MSCI World UCITS ETF - EUR (C),CW8.PA,686.7200
2026-07-13,Amundi MSCI World UCITS ETF - EUR (C),CW8.PA,687.6200
2026-07-14,Amundi MSCI World UCITS ETF - EUR (C),CW8.PA,685.9400
2026-07-15,Amundi MSCI World UCITS ETF - EUR (C),CW8.PA,687.4800
2026-07-16,Amundi MSCI World UCITS ETF - EUR (C),CW8.PA,687.1500
2026-07-17,Amundi MSCI World UCITS ETF - EUR (C),CW8.PA,679.6300
2026-07-20,Amundi MSCI World UCITS ETF - EUR (C),CW8.PA,681.4700
2026-07-21,Amundi MSCI World UCITS ETF - EUR (C),CW8.PA,684.2800
2026-07-22,Amundi MSCI World UCITS ETF - EUR (C),CW8.PA,685.9600
2026-07-23,Amundi MSCI World UCITS ETF - EUR (C),CW8.PA,677.1000
2026-07-24,Amundi MSCI World UCITS ETF - EUR (C),CW8.PA,681.6500
2026-07-27,Amundi MSCI World UCITS ETF - EUR (C),CW8.PA,678.8300
2026-07-28,Amundi MSCI World UCITS ETF - EUR (C),CW8.PA,681.0900
2026-07-29,Amundi MSCI World UCITS ETF - EUR (C),CW8.PA,676.7800
2026-07-30,Amundi MSCI World UCITS ETF - EUR (C),CW8.PA,672.8800
2026-07-31,Amundi MSCI World UCITS ETF - EUR (C),CW8.PA,675.9100
2026-08-03,Amundi MSCI World UCITS ETF - EUR (C),CW8.PA,686.2300
2026-08-04,Amundi MSCI World UCITS ETF - EUR (C),CW8.PA,695.2100
2026-08-05,Amundi MSCI World UCITS ETF - EUR (C),CW8.PA,697.7700
2026-08-06,Amundi MSCI World UCITS ETF - EUR (C),CW8.PA,697.0700
2026-08-07,Amundi MSCI World UCITS ETF - EUR (C),CW8.PA,699.7700
2026-08-10,Amundi MSCI World UCITS ETF - EUR (C),CW8.PA,700.4000
2026-08-11,Amundi MSCI World UCITS ETF - EUR (C),CW8.PA,700.1800
2026-08-12,Amundi MSCI World UCITS ETF - EUR (C),CW8.PA,700.8300
2026-08-13,Amundi MSCI World UCITS ETF - EUR (C),CW8.PA,703.8900
2026-08-14,Amundi MSCI World UCITS ETF - EUR (C),CW8.PA,700.9800
2026-08-17,Amundi MSCI World UCITS ETF - EUR (C),CW8.PA,700.1400
2026-08-18,Amundi MSCI World UCITS ETF - EUR (C),CW8.PA,693.3900
2026-08-19,Amundi MSCI World UCITS ETF - EUR (C),CW8.PA,690.8100
2026-08-20,Amundi MSCI World UCITS ETF - EUR (C),CW8.PA,686.3100
2026-08-21,Amundi MSCI World UCITS ETF - EUR (C),CW8.PA,688.0100
2026-08-24,Amundi MSCI World UCITS ETF - EUR (C),CW8.PA,686.1600
2026-08-25,Amundi MSCI World UCITS ETF - EUR (C),CW8.PA,687.9200
2026-08-26,Amundi MSCI World UCITS ETF - EUR (C),CW8.PA,688.7500
2026-08-27,Amundi MSCI World UCITS ETF - EUR (C),CW8.PA,691.3100
2026-08-28,Amundi MSCI World UCITS ETF - EUR (C),CW8.PA,697.2700
2026-08-31,Amundi MSCI World UCITS ETF - EUR (C),CW8.PA,689.5200
2026-09-01,Amundi MSCI World UCITS ETF - EUR (C),CW8.PA,688.4100
2026-09-02,Amundi MSCI World UCITS ETF - EUR (C),CW8.PA,689.7400
2026-09-03,Amundi MSCI World UCITS ETF - EUR (C),CW8.PA,695.2000
2026-09-04,Amundi MSCI World UCITS ETF - EUR (C),CW8.PA,693.0600
2026-09-07,Amundi MSCI World UCITS ETF - EUR (C),CW8.PA,692.5200
2026-09-08,Amundi MSCI World UCITS ETF - EUR (C),CW8.PA,691.6800
2026-09-09,Amundi MSCI World UCITS ETF - EUR (C),CW8.PA,685.5900
2026-09-10,Amundi MSCI World UCITS ETF - EUR (C),CW8.PA,682.5100
2026-09-11,Amundi MSCI World UCITS ETF - EUR (C),CW8.PA,688.9200
2026-09-14,Amundi MSCI World UCITS ETF - EUR (C),CW8.PA,687.7100
2026-09-15,Amundi MSCI World UCITS ETF - EUR (C),CW8.PA,684.2600
2026-09-16,Amundi MSCI World UCITS ETF - EUR (C),CW8.PA,687.5600
2026-09-17,Amundi MSCI World UCITS ETF - EUR (C),CW8.PA,692.8700
2026-09-18,Amundi MSCI World UCITS ETF - EUR (C),CW8.PA,691.0600
2026-09-21,Amundi MSCI World UCITS ETF - EUR (C),CW8.PA,699.5700
2026-09-22,Amundi MSCI World UCITS ETF - EUR (C),CW8.PA,703.7300
2026-09-23,Amundi MSCI World UCITS ETF - EUR (C),CW8.PA,702.2700
2026-09-24,Amundi MSCI World UCITS ETF - EUR (C),CW8.PA,698.1800
2026-09-25,Amundi MSCI World UCITS ETF - EUR (C),CW8.PA,701.1300
2024-02-01,FR0000121014,MC.PA,726.6991
2024-02-02,FR0000121014,MC.PA,733.7718
2024-02-05,FR0000121014,MC.PA,736.2238
2024-02-06,FR0000121014,MC.PA,735.0921
2024-02-07,FR0000121014,MC.PA,739.4301
2024-02-08,FR0000121014,MC.PA,758.6679
2024-02-09,FR0000121014,MC.PA,761.4969
2024-02-12,FR0000121014,MC.PA,775.0767
2024-02-13,FR0000121014,MC.PA,755.1786
2024-02-14,FR0000121014,MC.PA,756.8761
2024-02-15,FR0000121014,MC.PA,769.1355
2024-02-16,FR0000121014,MC.PA,769.3240
2024-02-19,FR0000121014,MC.PA,775.0767
2024-02-20,FR0000121014,MC.PA,773.4735
2024-02-21,FR0000121014,MC.PA,774.7937
2024-02-22,FR0000121014,MC.PA,792.5227
2024-02-23,FR0000121014,MC.PA,801.6700
2024-02-26,FR0000121014,MC.PA,794.2201
2024-02-27,FR0000121014,MC.PA,801.9530
2024-02-28,FR0000121014,MC.PA,799.4068
2024-02-29,FR0000121014,MC.PA,794.7859
2024-03-01,FR0000121014,MC.PA,798.1808
2024-03-04,FR0000121014,MC.PA,791.9568
2024-03-05,FR0000121014,MC.PA,781.8663
2024-03-06,FR0000121014,MC.PA,785.1670
2024-03-07,FR0000121014,MC.PA,791.9568
2024-03-08,FR0000121014,MC.PA,796.7664
2024-03-11,FR0000121014,MC.PA,801.9530
2024-03-12,FR0000121014,MC.PA,810.0630
2024-03-13,FR0000121014,MC.PA,817.7958
2024-03-14,FR0000121014,MC.PA,823.0768
2024-03-15,FR0000121014,MC.PA,813.1750
2024-03-18,FR0000121014,MC.PA,809.2143
2024-03-19,FR0000121014,MC.PA,811.1947
2024-03-20,FR0000121014,MC.PA,797.9922
2024-03-21,FR0000121014,MC.PA,799.5954
2024-03-22,FR0000121014,MC.PA,781.3948
2024-03-25,FR0000121014,MC.PA,778.4716
2024-03-26,FR0000121014,MC.PA,774.9823
2024-03-27,FR0000121014,MC.PA,782.9981
2024-03-28,FR0000121014,MC.PA,786.2043
2024-04-02,FR0000121014,MC.PA,774.9823
2024-04-03,FR0000121014,MC.PA,769.5127
2024-04-04,FR0000121014,MC.PA,772.7191
2024-04-05,FR0000121014,MC.PA,754.2355
2024-04-08,FR0000121014,MC.PA,761.3083
2024-04-09,FR0000121014,MC.PA,749.8976
2024-04-10,FR0000121014,MC.PA,747.8231
2024-04-11,FR0000121014,MC.PA,745.4655
2024-04-12,FR0000121014,MC.PA,736.6953
2024-04-15,FR0000121014,MC.PA,749.5204
2024-04-16,FR0000121014,MC.PA,737.2611
2024-04-17,FR0000121014,MC.PA,758.1964
2024-04-18,FR0000121014,MC.PA,751.4066
2024-04-19,FR0000121014,MC.PA,751.2179
2024-04-22,FR0000121014,MC.PA,751.4066
2024-04-23,FR0000121014,MC.PA,761.2120
2024-04-24,FR0000121014,MC.PA,761.7832
2024-04-25,FR0000121014,MC.PA,740.6491
2024-04-26,FR0000121014,MC.PA,754.1674
2024-04-29,FR0000121014,MC.PA,741.7914
2024-04-30,FR0000121014,MC.PA,737.2219
2024-05-02,FR0000121014,MC.PA,730.1771
2024-05-03,FR0000121014,MC.PA,744.4570
2024-05-06,FR0000121014,MC.PA,744.1714
2024-05-07,FR0000121014,MC.PA,751.5017
2024-05-08,FR0000121014,MC.PA,750.0737
2024-05-09,FR0000121014,MC.PA,751.1209
2024-05-10,FR0000121014,MC.PA,750.5497
2024-05-13,FR0000121014,MC.PA,745.0283
2024-05-14,FR0000121014,MC.PA,753.8817
2024-05-15,FR0000121014,MC.PA,751.1209
2024-05-16,FR0000121014,MC.PA,748.2650
2024-05-17,FR0000121014,MC.PA,745.5994
2024-05-20,FR0000121014,MC.PA,741.6962
2024-05-21,FR0000121014,MC.PA,731.2243
2024-05-22,FR0000121014,MC.PA,715.8021
2024-05-23,FR0000121014,MC.PA,716.6589
2024-05-24,FR0000121014,MC.PA,713.9933
2024-05-27,FR0000121014,MC.PA,719.8956
2024-05-28,FR0000121014,MC.PA,709.6141
2024-05-29,FR0000121014,MC.PA,689.4319
2024-05-30,FR0000121014,MC.PA,699.1422
2024-05-31,FR0000121014,MC.PA,699.6183
2024-06-03,FR0000121014,MC.PA,702.5694
2024-06-04,FR0000121014,MC.PA,699.7134
2024-06-05,FR0000121014,MC.PA,716.4684
2024-06-06,FR0000121014,MC.PA,726.0836
2024-06-07,FR0000121014,MC.PA,725.8931
2024-06-10,FR0000121014,MC.PA,710.4709
2024-06-11,FR0000121014,MC.PA,701.2366
2024-06-12,FR0000121014,MC.PA,700.0942
2024-06-13,FR0000121014,MC.PA,696.3814
2024-06-14,FR0000121014,MC.PA,677.2465
2024-06-17,FR0000121014,MC.PA,682.9584
2024-06-18,FR0000121014,MC.PA,676.0089
2024-06-19,FR0000121014,MC.PA,673.0577
2024-06-20,FR0000121014,MC.PA,679.3408
2024-06-21,FR0000121014,MC.PA,682.8632
2024-06-24,FR0000121014,MC.PA,691.6215
2024-06-25,FR0000121014,MC.PA,701.4269
2024-06-26,FR0000121014,MC.PA,692.0975
2024-06-27,FR0000121014,MC.PA,681.1496
2024-06-28,FR0000121014,MC.PA,679.3408
2024-07-01,FR0000121014,MC.PA,677.8176
2024-07-02,FR0000121014,MC.PA,675.5328
2024-07-03,FR0000121014,MC.PA,680.4832
2024-07-04,FR0000121014,MC.PA,685.2431
2024-07-05,FR0000121014,MC.PA,682.0064
2024-07-08,FR0000121014,MC.PA,662.3001
2024-07-09,FR0000121014,MC.PA,653.9226
2024-07-10,FR0000121014,MC.PA,664.1089
2024-07-11,FR0000121014,MC.PA,675.9136
2024-07-12,FR0000121014,MC.PA,690.0031
2024-07-15,FR0000121014,MC.PA,671.7249
2024-07-16,FR0000121014,MC.PA,658.8730
2024-07-17,FR0000121014,MC.PA,657.0642
2024-07-18,FR0000121014,MC.PA,657.1594
2024-07-19,FR0000121014,MC.PA,647.1635
2024-07-22,FR0000121014,MC.PA,658.8730
2024-07-23,FR0000121014,MC.PA,658.3970
2024-07-24,FR0000121014,MC.PA,627.7429
2024-07-25,FR0000121014,MC.PA,621.2693
2024-07-26,FR0000121014,MC.PA,631.2653
2024-07-29,FR0000121014,MC.PA,623.2686
2024-07-30,FR0000121014,MC.PA,621.0790
2024-07-31,FR0000121014,MC.PA,621.6501
2024-08-01,FR0000121014,MC.PA,611.1783
2024-08-02,FR0000121014,MC.PA,600.2304
2024-08-05,FR0000121014,MC.PA,594.3279
2024-08-06,FR0000121014,MC.PA,592.0432
2024-08-07,FR0000121014,MC.PA,601.0872
2024-08-08,FR0000121014,MC.PA,602.8959
2024-08-09,FR0000121014,MC.PA,605.4663
2024-08-12,FR0000121014,MC.PA,604.6094
2024-08-13,FR0000121014,MC.PA,603.7527
2024-08-14,FR0000121014,MC.PA,613.2726
2024-08-15,FR0000121014,MC.PA,624.5060
2024-08-16,FR0000121014,MC.PA,626.5052
2024-08-19,FR0000121014,MC.PA,642.1180
2024-08-20,FR0000121014,MC.PA,645.2595
2024-08-21,FR0000121014,MC.PA,646.2115
2024-08-22,FR0000121014,MC.PA,645.4500
2024-08-23,FR0000121014,MC.PA,648.4010
2024-08-26,FR0000121014,MC.PA,649.2579
2024-08-27,FR0000121014,MC.PA,637.6436
2024-08-28,FR0000121014,MC.PA,634.2164
2024-08-29,FR0000121014,MC.PA,644.8788
2024-08-30,FR0000121014,MC.PA,641.9276
2024-09-02,FR0000121014,MC.PA,640.8804
2024-09-03,FR0000121014,MC.PA,638.6909
2024-09-04,FR0000121014,MC.PA,611.7495
2024-09-05,FR0000121014,MC.PA,589.4728
2024-09-06,FR0000121014,MC.PA,582.6186
2024-09-09,FR0000121014,MC.PA,586.6169
2024-09-10,FR0000121014,MC.PA,582.9993
2024-09-11,FR0000121014,MC.PA,577.8585
2024-09-12,FR0000121014,MC.PA,577.6682
2024-09-13,FR0000121014,MC.PA,578.9058
2024-09-16,FR0000121014,MC.PA,574.6218
2024-09-17,FR0000121014,MC.PA,578.5250
2024-09-18,FR0000121014,MC.PA,567.2914
2024-09-19,FR0000121014,MC.PA,584.5225
2024-09-20,FR0000121014,MC.PA,563.4835
2024-09-23,FR0000121014,MC.PA,566.5298
2024-09-24,FR0000121014,MC.PA,584.6177
2024-09-25,FR0000121014,MC.PA,587.8545
2024-09-26,FR0000121014,MC.PA,645.9260
2024-09-27,FR0000121014,MC.PA,669.6305
2024-09-30,FR0000121014,MC.PA,655.4459
2024-10-01,FR0000121014,MC.PA,632.1220
2024-10-02,FR0000121014,MC.PA,636.3109
2024-10-03,FR0000121014,MC.PA,629.2661
2024-10-04,FR0000121014,MC.PA,630.1229
2024-10-07,FR0000121014,MC.PA,647.1635
2024-10-08,FR0000121014,MC.PA,624.0301
2024-10-09,FR0000121014,MC.PA,624.8870
2024-10-10,FR0000121014,MC.PA,623.5541
2024-10-11,FR0000121014,MC.PA,621.7453
2024-10-14,FR0000121014,MC.PA,607.1799
2024-10-15,FR0000121014,MC.PA,595.3752
2024-10-16,FR0000121014,MC.PA,573.4794
2024-10-17,FR0000121014,MC.PA,580.1434
2024-10-18,FR0000121014,MC.PA,593.2809
2024-10-21,FR0000121014,MC.PA,581.6666
2024-10-22,FR0000121014,MC.PA,586.4265
2024-10-23,FR0000121014,MC.PA,584.1417
2024-10-24,FR0000121014,MC.PA,598.5168
2024-10-25,FR0000121014,MC.PA,596.8984
2024-10-28,FR0000121014,MC.PA,601.7535
2024-10-29,FR0000121014,MC.PA,600.6111
2024-10-30,FR0000121014,MC.PA,588.4257
2024-10-31,FR0000121014,MC.PA,580.5242
2024-11-01,FR0000121014,MC.PA,581.6666
2024-11-04,FR0000121014,MC.PA,577.5730
2024-11-05,FR0000121014,MC.PA,573.6698
2024-11-06,FR0000121014,MC.PA,574.1458
2024-11-07,FR0000121014,MC.PA,589.2825
2024-11-08,FR0000121014,MC.PA,569.6715
2024-11-11,FR0000121014,MC.PA,570.7186
2024-11-12,FR0000121014,MC.PA,544.9197
2024-11-13,FR0000121014,MC.PA,546.4429
2024-11-14,FR0000121014,MC.PA,556.3436
2024-11-15,FR0000121014,MC.PA,558.1523
2024-11-18,FR0000121014,MC.PA,560.3419
2024-11-19,FR0000121014,MC.PA,549.5844
2024-11-20,FR0000121014,MC.PA,547.7756
2024-11-21,FR0000121014,MC.PA,547.2996
2024-11-22,FR0000121014,MC.PA,555.0107
2024-11-25,FR0000121014,MC.PA,564.0547
2024-11-26,FR0000121014,MC.PA,567.3867
2024-11-27,FR0000121014,MC.PA,561.7700
2024-11-28,FR0000121014,MC.PA,558.3428
2024-11-29,FR0000121014,MC.PA,564.0547
2024-12-02,FR0000121014,MC.PA,582.4081
2024-12-03,FR0000121014,MC.PA,585.3870
2024-12-04,FR0000121014,MC.PA,586.3478
2024-12-05,FR0000121014,MC.PA,585.3870
2024-12-06,FR0000121014,MC.PA,605.7582
2024-12-09,FR0000121014,MC.PA,627.0904
2024-12-10,FR0000121014,MC.PA,611.1393
2024-12-11,FR0000121014,MC.PA,618.6344
2024-12-12,FR0000121014,MC.PA,620.7484
2024-12-13,FR0000121014,MC.PA,614.0220
2024-12-16,FR0000121014,MC.PA,606.5270
2024-12-17,FR0000121014,MC.PA,610.7550
2024-12-18,FR0000121014,MC.PA,611.6198
2024-12-19,FR0000121014,MC.PA,602.9716
2024-12-20,FR0000121014,MC.PA,603.5481
2024-12-23,FR0000121014,MC.PA,604.6051
2024-12-24,FR0000121014,MC.PA,606.1426
2024-12-27,FR0000121014,MC.PA,610.7550
2024-12-30,FR0000121014,MC.PA,604.7012
2024-12-31,FR0000121014,MC.PA,610.6589
2025-01-02,FR0000121014,MC.PA,610.5628
2025-01-03,FR0000121014,MC.PA,587.4048
2025-01-06,FR0000121014,MC.PA,609.7940
2025-01-07,FR0000121014,MC.PA,619.3071
2025-01-08,FR0000121014,MC.PA,610.8511
2025-01-09,FR0000121014,MC.PA,622.6702
2025-01-10,FR0000121014,MC.PA,619.7875
2025-01-13,FR0000121014,MC.PA,621.1328
2025-01-14,FR0000121014,MC.PA,625.5530
2025-01-15,FR0000121014,MC.PA,612.2924
2025-01-16,FR0000121014,MC.PA,668.3135
2025-01-17,FR0000121014,MC.PA,663.1245
2025-01-20,FR0000121014,MC.PA,656.3982
2025-01-21,FR0000121014,MC.PA,673.8868
2025-01-22,FR0000121014,MC.PA,685.8982
2025-01-23,FR0000121014,MC.PA,692.4324
2025-01-24,FR0000121014,MC.PA,705.4047
2025-01-27,FR0000121014,MC.PA,725.2955
2025-01-28,FR0000121014,MC.PA,721.2596
2025-01-29,FR0000121014,MC.PA,685.3217
2025-01-30,FR0000121014,MC.PA,687.8199
2025-01-31,FR0000121014,MC.PA,676.0009
2025-02-03,FR0000121014,MC.PA,663.1245
2025-02-04,FR0000121014,MC.PA,665.6230
2025-02-05,FR0000121014,MC.PA,659.1849
2025-02-06,FR0000121014,MC.PA,669.6588
2025-02-07,FR0000121014,MC.PA,657.4552
2025-02-10,FR0000121014,MC.PA,658.5122
2025-02-11,FR0000121014,MC.PA,658.4161
2025-02-12,FR0000121014,MC.PA,660.9145
2025-02-13,FR0000121014,MC.PA,679.5562
2025-02-14,FR0000121014,MC.PA,685.1295
2025-02-17,FR0000121014,MC.PA,674.0790
2025-02-18,FR0000121014,MC.PA,677.5382
2025-02-19,FR0000121014,MC.PA,663.8934
2025-02-20,FR0000121014,MC.PA,668.3135
2025-02-21,FR0000121014,MC.PA,674.9438
2025-02-24,FR0000121014,MC.PA,665.0464
2025-02-25,FR0000121014,MC.PA,657.4552
2025-02-26,FR0000121014,MC.PA,672.9258
2025-02-27,FR0000121014,MC.PA,666.0073
2025-02-28,FR0000121014,MC.PA,667.7370
2025-03-03,FR0000121014,MC.PA,663.7972
2025-03-04,FR0000121014,MC.PA,641.3120
2025-03-05,FR0000121014,MC.PA,638.3331
2025-03-06,FR0000121014,MC.PA,627.4748
2025-03-07,FR0000121014,MC.PA,609.8901
2025-03-10,FR0000121014,MC.PA,605.6621
2025-03-11,FR0000121014,MC.PA,596.5334
2025-03-12,FR0000121014,MC.PA,587.8853
2025-03-13,FR0000121014,MC.PA,581.3511
2025-03-14,FR0000121014,MC.PA,581.4472
2025-03-17,FR0000121014,MC.PA,585.8674
2025-03-18,FR0000121014,MC.PA,586.1556
2025-03-19,FR0000121014,MC.PA,586.7322
2025-03-20,FR0000121014,MC.PA,580.8707
2025-03-21,FR0000121014,MC.PA,578.9489
2025-03-24,FR0000121014,MC.PA,572.9911
2025-03-25,FR0000121014,MC.PA,574.9130
2025-03-26,FR0000121014,MC.PA,571.2615
2025-03-27,FR0000121014,MC.PA,566.0725
2025-03-28,FR0000121014,MC.PA,564.1508
2025-03-31,FR0000121014,MC.PA,549.3527
2025-04-01,FR0000121014,MC.PA,552.6199
2025-04-02,FR0000121014,MC.PA,552.7159
2025-04-03,FR0000121014,MC.PA,521.6785
2025-04-04,FR0000121014,MC.PA,509.2827
2025-04-07,FR0000121014,MC.PA,487.7584
2025-04-08,FR0000121014,MC.PA,499.4814
2025-04-09,FR0000121014,MC.PA,478.9180
2025-04-10,FR0000121014,MC.PA,503.7095
2025-04-11,FR0000121014,MC.PA,503.9017
2025-04-14,FR0000121014,MC.PA,509.3788
2025-04-15,FR0000121014,MC.PA,469.5491
2025-04-16,FR0000121014,MC.PA,466.2340
2025-04-17,FR0000121014,MC.PA,466.6183
2025-04-22,FR0000121014,MC.PA,468.2519
2025-04-23,FR0000121014,MC.PA,480.7437
2025-04-24,FR0000121014,MC.PA,487.4749
2025-04-25,FR0000121014,MC.PA,486.5969
2025-04-28,FR0000121014,MC.PA,489.7186
2025-04-29,FR0000121014,MC.PA,477.3293
2025-04-30,FR0000121014,MC.PA,475.9636
2025-05-02,FR0000121014,MC.PA,483.7191
2025-05-05,FR0000121014,MC.PA,480.2072
2025-05-06,FR0000121014,MC.PA,477.1342
2025-05-07,FR0000121014,MC.PA,471.6712
2025-05-08,FR0000121014,MC.PA,475.3783
2025-05-09,FR0000121014,MC.PA,483.6215
2025-05-12,FR0000121014,MC.PA,517.5214
2025-05-13,FR0000121014,MC.PA,523.7648
2025-05-14,FR0000121014,MC.PA,512.3511
2025-05-15,FR0000121014,MC.PA,494.8889
2025-05-16,FR0000121014,MC.PA,491.5722
2025-05-19,FR0000121014,MC.PA,486.4018
2025-05-20,FR0000121014,MC.PA,492.5477
2025-05-21,FR0000121014,MC.PA,481.5729
2025-05-22,FR0000121014,MC.PA,473.2321
2025-05-23,FR0000121014,MC.PA,467.2813
2025-05-26,FR0000121014,MC.PA,471.6225
2025-05-27,FR0000121014,MC.PA,470.1104
2025-05-28,FR0000121014,MC.PA,471.8176
2025-05-29,FR0000121014,MC.PA,469.4763
2025-05-30,FR0000121014,MC.PA,466.5497
2025-06-02,FR0000121014,MC.PA,465.5254
2025-06-03,FR0000121014,MC.PA,462.0135
2025-06-04,FR0000121014,MC.PA,464.9888
2025-06-05,FR0000121014,MC.PA,458.5991
2025-06-06,FR0000121014,MC.PA,459.7209
2025-06-09,FR0000121014,MC.PA,460.0135
2025-06-10,FR0000121014,MC.PA,463.2328
2025-06-11,FR0000121014,MC.PA,459.0869
2025-06-12,FR0000121014,MC.PA,457.3796
2025-06-13,FR0000121014,MC.PA,450.1119
2025-06-16,FR0000121014,MC.PA,455.9164
2025-06-17,FR0000121014,MC.PA,449.4290
2025-06-18,FR0000121014,MC.PA,452.6971
2025-06-19,FR0000121014,MC.PA,441.4784
2025-06-20,FR0000121014,MC.PA,438.9420
2025-06-23,FR0000121014,MC.PA,438.7957
2025-06-24,FR0000121014,MC.PA,442.4539
2025-06-25,FR0000121014,MC.PA,433.9180
2025-06-26,FR0000121014,MC.PA,426.8454
2025-06-27,FR0000121014,MC.PA,438.3079
2025-06-30,FR0000121014,MC.PA,433.7229
2025-07-01,FR0000121014,MC.PA,457.5747
2025-07-02,FR0000121014,MC.PA,476.5489
2025-07-03,FR0000121014,MC.PA,474.0125
2025-07-04,FR0000121014,MC.PA,465.6717
2025-07-07,FR0000121014,MC.PA,463.7206
2025-07-08,FR0000121014,MC.PA,470.8420
2025-07-09,FR0000121014,MC.PA,475.9148
2025-07-10,FR0000121014,MC.PA,492.6452
2025-07-11,FR0000121014,MC.PA,475.7685
2025-07-14,FR0000121014,MC.PA,467.8178
2025-07-15,FR0000121014,MC.PA,465.6717
2025-07-16,FR0000121014,MC.PA,463.9645
2025-07-17,FR0000121014,MC.PA,465.1839
2025-07-18,FR0000121014,MC.PA,461.1842
2025-07-21,FR0000121014,MC.PA,457.3308
2025-07-22,FR0000121014,MC.PA,454.1604
2025-07-23,FR0000121014,MC.PA,468.2081
2025-07-24,FR0000121014,MC.PA,458.7454
2025-07-25,FR0000121014,MC.PA,476.7440
2025-07-28,FR0000121014,MC.PA,477.2318
2025-07-29,FR0000121014,MC.PA,463.1841
2025-07-30,FR0000121014,MC.PA,468.9885
2025-07-31,FR0000121014,MC.PA,460.7940
2025-08-01,FR0000121014,MC.PA,450.3558
2025-08-04,FR0000121014,MC.PA,450.9899
2025-08-05,FR0000121014,MC.PA,445.3318
2025-08-06,FR0000121014,MC.PA,446.5024
2025-08-07,FR0000121014,MC.PA,449.8192
2025-08-08,FR0000121014,MC.PA,450.0631
2025-08-11,FR0000121014,MC.PA,446.7951
2025-08-12,FR0000121014,MC.PA,445.9659
2025-08-13,FR0000121014,MC.PA,458.1113
2025-08-14,FR0000121014,MC.PA,461.3306
2025-08-15,FR0000121014,MC.PA,464.4523
2025-08-18,FR0000121014,MC.PA,464.2084
2025-08-19,FR0000121014,MC.PA,477.9146
2025-08-20,FR0000121014,MC.PA,481.4753
2025-08-21,FR0000121014,MC.PA,473.1345
2025-08-22,FR0000121014,MC.PA,482.9875
2025-08-25,FR0000121014,MC.PA,476.1099
2025-08-26,FR0000121014,MC.PA,474.3539
2025-08-27,FR0000121014,MC.PA,489.7186
2025-08-28,FR0000121014,MC.PA,500.5471
2025-08-29,FR0000121014,MC.PA,491.7672
2025-09-01,FR0000121014,MC.PA,491.3771
2025-09-02,FR0000121014,MC.PA,500.4495
2025-09-03,FR0000121014,MC.PA,508.0587
2025-09-04,FR0000121014,MC.PA,486.8896
2025-09-05,FR0000121014,MC.PA,484.1093
2025-09-08,FR0000121014,MC.PA,484.0117
2025-09-09,FR0000121014,MC.PA,479.9633
2025-09-10,FR0000121014,MC.PA,477.7683
2025-09-11,FR0000121014,MC.PA,475.4271
2025-09-12,FR0000121014,MC.PA,478.6463
2025-09-15,FR0000121014,MC.PA,491.8648
2025-09-16,FR0000121014,MC.PA,495.2792
2025-09-17,FR0000121014,MC.PA,498.7911
2025-09-18,FR0000121014,MC.PA,504.9370
2025-09-19,FR0000121014,MC.PA,498.1082
2025-09-22,FR0000121014,MC.PA,494.5963
2025-09-23,FR0000121014,MC.PA,510.4000
2025-09-24,FR0000121014,MC.PA,496.6450
2025-09-25,FR0000121014,MC.PA,494.4012
2025-09-26,FR0000121014,MC.PA,503.0835
2025-09-29,FR0000121014,MC.PA,510.3024
2025-09-30,FR0000121014,MC.PA,507.7661
2025-10-01,FR0000121014,MC.PA,511.1805
2025-10-02,FR0000121014,MC.PA,529.6180
2025-10-03,FR0000121014,MC.PA,539.5685
2025-10-06,FR0000121014,MC.PA,527.1792
2025-10-07,FR0000121014,MC.PA,546.2997
2025-10-08,FR0000121014,MC.PA,561.4205
2025-10-09,FR0000121014,MC.PA,545.5192
2025-10-10,FR0000121014,MC.PA,532.6422
2025-10-13,FR0000121014,MC.PA,527.1792
2025-10-14,FR0000121014,MC.PA,519.7651
2025-10-15,FR0000121014,MC.PA,583.2725
2025-10-16,FR0000121014,MC.PA,587.4673
2025-10-17,FR0000121014,MC.PA,590.8817
2025-10-20,FR0000121014,MC.PA,597.1250
2025-10-21,FR0000121014,MC.PA,601.7101
2025-10-22,FR0000121014,MC.PA,607.9536
2025-10-23,FR0000121014,MC.PA,605.6122
2025-10-24,FR0000121014,MC.PA,597.5153
2025-10-27,FR0000121014,MC.PA,596.5397
2025-10-28,FR0000121014,MC.PA,599.5638
2025-10-29,FR0000121014,MC.PA,603.6611
2025-10-30,FR0000121014,MC.PA,595.1740
2025-10-31,FR0000121014,MC.PA,597.1250
2025-11-03,FR0000121014,MC.PA,601.7101
2025-11-04,FR0000121014,MC.PA,596.2471
2025-11-05,FR0000121014,MC.PA,597.8079
2025-11-06,FR0000121014,MC.PA,585.3210
2025-11-07,FR0000121014,MC.PA,588.4428
2025-11-10,FR0000121014,MC.PA,602.7832
2025-11-11,FR0000121014,MC.PA,617.4162
2025-11-12,FR0000121014,MC.PA,631.3664
2025-11-13,FR0000121014,MC.PA,621.2207
2025-11-14,FR0000121014,MC.PA,621.4159
2025-11-17,FR0000121014,MC.PA,608.7339
2025-11-18,FR0000121014,MC.PA,596.3446
2025-11-19,FR0000121014,MC.PA,594.6862
2025-11-20,FR0000121014,MC.PA,604.4415
2025-11-21,FR0000121014,MC.PA,607.7584
2025-11-24,FR0000121014,MC.PA,606.4902
2025-11-25,FR0000121014,MC.PA,604.1489
2025-11-26,FR0000121014,MC.PA,610.0997
2025-11-27,FR0000121014,MC.PA,612.0507
2025-11-28,FR0000121014,MC.PA,619.9526
2025-12-01,FR0000121014,MC.PA,626.9764
2025-12-02,FR0000121014,MC.PA,625.9925
2025-12-03,FR0000121014,MC.PA,620.1871
2025-12-04,FR0000121014,MC.PA,622.9422
2025-12-05,FR0000121014,MC.PA,618.0224
2025-12-08,FR0000121014,MC.PA,615.1690
2025-12-09,FR0000121014,MC.PA,606.4117
2025-12-10,FR0000121014,MC.PA,608.8716
2025-12-11,FR0000121014,MC.PA,615.1690
2025-12-12,FR0000121014,MC.PA,614.4802
2025-12-15,FR0000121014,MC.PA,616.0545
2025-12-16,FR0000121014,MC.PA,626.2877
2025-12-17,FR0000121014,MC.PA,621.5647
2025-12-18,FR0000121014,MC.PA,627.1733
2025-12-19,FR0000121014,MC.PA,621.5647
2025-12-22,FR0000121014,MC.PA,617.6289
2025-12-23,FR0000121014,MC.PA,617.2353
2025-12-24,FR0000121014,MC.PA,621.9583
2025-12-29,FR0000121014,MC.PA,623.0406
2025-12-30,FR0000121014,MC.PA,629.0427
2025-12-31,FR0000121014,MC.PA,634.6513
2026-01-02,FR0000121014,MC.PA,631.5026
2026-01-05,FR0000121014,MC.PA,632.4866
2026-01-06,FR0000121014,MC.PA,634.0610
2026-01-07,FR0000121014,MC.PA,619.2032
2026-01-08,FR0000121014,MC.PA,624.3198
2026-01-09,FR0000121014,MC.PA,641.6373
2026-01-12,FR0000121014,MC.PA,637.8983
2026-01-13,FR0000121014,MC.PA,636.2256
2026-01-14,FR0000121014,MC.PA,627.6652
2026-01-15,FR0000121014,MC.PA,615.6609
2026-01-16,FR0000121014,MC.PA,599.4257
2026-01-19,FR0000121014,MC.PA,573.4493
2026-01-20,FR0000121014,MC.PA,560.8546
2026-01-21,FR0000121014,MC.PA,575.8108
2026-01-22,FR0000121014,MC.PA,586.1423
2026-01-23,FR0000121014,MC.PA,581.9113
2026-01-26,FR0000121014,MC.PA,578.5659
2026-01-27,FR0000121014,MC.PA,579.8450
2026-01-28,FR0000121014,MC.PA,534.0911
2026-01-29,FR0000121014,MC.PA,533.6975
2026-01-30,FR0000121014,MC.PA,538.1253
2026-02-02,FR0000121014,MC.PA,529.6632
2026-02-03,FR0000121014,MC.PA,520.5125
2026-02-04,FR0000121014,MC.PA,527.4985
2026-02-05,FR0000121014,MC.PA,529.5649
2026-02-06,FR0000121014,MC.PA,527.5969
2026-02-09,FR0000121014,MC.PA,526.8098
2026-02-10,FR0000121014,MC.PA,529.0729
2026-02-11,FR0000121014,MC.PA,516.6750
2026-02-12,FR0000121014,MC.PA,516.0847
2026-02-13,FR0000121014,MC.PA,505.9499
2026-02-16,FR0000121014,MC.PA,509.9841
2026-02-17,FR0000121014,MC.PA,519.2333
2026-02-18,FR0000121014,MC.PA,525.3339
2026-02-19,FR0000121014,MC.PA,522.9724
2026-02-20,FR0000121014,MC.PA,545.8001
2026-02-23,FR0000121014,MC.PA,549.0472
2026-02-24,FR0000121014,MC.PA,552.7862
2026-02-25,FR0000121014,MC.PA,544.1274
2026-02-26,FR0000121014,MC.PA,542.7498
2026-02-27,FR0000121014,MC.PA,535.3702
2026-03-02,FR0000121014,MC.PA,512.1489
2026-03-03,FR0000121014,MC.PA,494.1425
2026-03-04,FR0000121014,MC.PA,499.2590
2026-03-05,FR0000121014,MC.PA,497.6847
2026-03-06,FR0000121014,MC.PA,494.1425
2026-03-09,FR0000121014,MC.PA,489.7147
2026-03-10,FR0000121014,MC.PA,496.4055
2026-03-11,FR0000121014,MC.PA,492.2729
2026-03-12,FR0000121014,MC.PA,487.0580
2026-03-13,FR0000121014,MC.PA,466.0997
2026-03-16,FR0000121014,MC.PA,471.3147
2026-03-17,FR0000121014,MC.PA,464.6730
2026-03-18,FR0000121014,MC.PA,461.0323
2026-03-19,FR0000121014,MC.PA,452.8655
2026-03-20,FR0000121014,MC.PA,450.6024
2026-03-23,FR0000121014,MC.PA,459.1136
2026-03-24,FR0000121014,MC.PA,453.3575
2026-03-25,FR0000121014,MC.PA,454.9318
2026-03-26,FR0000121014,MC.PA,450.9468
2026-03-27,FR0000121014,MC.PA,448.4377
2026-03-30,FR0000121014,MC.PA,456.2110
2026-03-31,FR0000121014,MC.PA,455.6698
2026-04-01,FR0000121014,MC.PA,463.5414
2026-04-02,FR0000121014,MC.PA,463.4922
2026-04-07,FR0000121014,MC.PA,459.3596
2026-04-08,FR0000121014,MC.PA,490.8462
2026-04-09,FR0000121014,MC.PA,476.1853
2026-04-10,FR0000121014,MC.PA,475.5457
2026-04-13,FR0000121014,MC.PA,474.0206
2026-04-14,FR0000121014,MC.PA,473.7254
2026-04-15,FR0000121014,MC.PA,474.1682
2026-04-16,FR0000121014,MC.PA,476.2837
2026-04-17,FR0000121014,MC.PA,491.3874
2026-04-20,FR0000121014,MC.PA,482.6794
2026-04-21,FR0000121014,MC.PA,478.2024
2026-04-22,FR0000121014,MC.PA,466.6901
2026-04-23,FR0000121014,MC.PA,467.5757
2026-04-24,FR0000121014,MC.PA,464.0826
2026-04-27,FR0000121014,MC.PA,459.9500
2026-04-28,FR0000121014,MC.PA,454.7500
2026-04-29,FR0000121014,MC.PA,448.4500
2026-04-30,FR0000121014,MC.PA,451.4000
2026-05-04,FR0000121014,MC.PA,444.9500
2026-05-05,FR0000121014,MC.PA,450.9500
2026-05-06,FR0000121014,MC.PA,474.0000
2026-05-07,FR0000121014,MC.PA,478.3000
2026-05-08,FR0000121014,MC.PA,472.7000
2026-05-11,FR0000121014,MC.PA,452.0000
2026-05-12,FR0000121014,MC.PA,453.0500
2026-05-13,FR0000121014,MC.PA,452.3000
2026-05-14,FR0000121014,MC.PA,460.8500
2026-05-15,FR0000121014,MC.PA,455.6000
2026-05-18,FR0000121014,MC.PA,456.2500
2026-05-19,FR0000121014,MC.PA,462.0000
2026-05-20,FR0000121014,MC.PA,473.8000
2026-05-21,FR0000121014,MC.PA,473.5500
2026-05-22,FR0000121014,MC.PA,472.6000
2026-05-25,FR0000121014,MC.PA,477.9000
2026-05-26,FR0000121014,MC.PA,469.2000
2026-05-27,FR0000121014,MC.PA,483.9500
2026-05-28,FR0000121014,MC.PA,480.9500
2026-05-29,FR0000121014,MC.PA,473.0500
2026-06-01,FR0000121014,MC.PA,469.8000
2026-06-02,FR0000121014,MC.PA,475.0000
2026-06-03,FR0000121014,MC.PA,460.8500
2026-06-04,FR0000121014,MC.PA,474.1000
2026-06-05,FR0000121014,MC.PA,479.0500
2026-06-08,FR0000121014,MC.PA,482.4500
2026-06-09,FR0000121014,MC.PA,492.3000
2026-06-10,FR0000121014,MC.PA,487.6500
2026-06-11,FR0000121014,MC.PA,493.2000
2026-06-12,FR0000121014,MC.PA,510.6000
2026-06-15,FR0000121014,MC.PA,512.6000
2026-06-16,FR0000121014,MC.PA,520.3000
2026-06-17,FR0000121014,MC.PA,511.0000
2026-06-18,FR0000121014,MC.PA,505.1000
2026-06-19,FR0000121014,MC.PA,499.2500
2026-06-22,FR0000121014,MC.PA,481.3500
2026-06-23,FR0000121014,MC.PA,483.7000
2026-06-24,FR0000121014,MC.PA,493.0000
2026-06-25,FR0000121014,MC.PA,494.4000
2026-06-26,FR0000121014,MC.PA,495.7500
2026-06-29,FR0000121014,MC.PA,492.3000
2026-06-30,FR0000121014,MC.PA,484.1000
2026-07-01,FR0000121014,MC.PA,481.0000
2026-07-02,FR0000121014,MC.PA,497.9500
2026-07-03,FR0000121014,MC.PA,495.7000
2026-07-06,FR0000121014,MC.PA,491.4000
2026-07-07,FR0000121014,MC.PA,495.8000
2026-07-08,FR0000121014,MC.PA,484.9000
2026-07-09,FR0000121014,MC.PA,492.9500
2026-07-10,FR0000121014,MC.PA,489.9000
2026-07-13,FR0000121014,MC.PA,491.5000
2026-07-14,FR0000121014,MC.PA,482.9500
2026-07-15,FR0000121014,MC.PA,495.8000
2026-07-16,FR0000121014,MC.PA,503.1000
2026-07-17,FR0000121014,MC.PA,495.1000
2026-07-20,FR0000121014,MC.PA,486.8500
2026-07-21,FR0000121014,MC.PA,478.5500
2026-07-22,FR0000121014,MC.PA,474.0000
2026-07-23,FR0000121014,MC.PA,453.5500
2026-07-24,FR0000121014,MC.PA,461.7000
2026-07-27,FR0000121014,MC.PA,466.8000
2026-07-28,FR0000121014,MC.PA,470.3000
2026-07-29,FR0000121014,MC.PA,467.9500
2026-07-30,FR0000121014,MC.PA,473.3000
2026-07-31,FR0000121014,MC.PA,475.1500
2026-08-03,FR0000121014,MC.PA,486.9000
2026-08-04,FR0000121014,MC.PA,485.0000
2026-08-05,FR0000121014,MC.PA,479.7000
2026-08-06,FR0000121014,MC.PA,481.4500
2026-08-07,FR0000121014,MC.PA,480.0000
2026-08-10,FR0000121014,MC.PA,482.4500
2026-08-11,FR0000121014,MC.PA,478.8000
2026-08-12,FR0000121014,MC.PA,464.9500
2026-08-13,FR0000121014,MC.PA,460.0000
2026-08-14,FR0000121014,MC.PA,458.4000
2026-08-17,FR0000121014,MC.PA,446.0000
2026-08-18,FR0000121014,MC.PA,447.7500
2026-08-19,FR0000121014,MC.PA,456.0000
2026-08-20,FR0000121014,MC.PA,443.1000
2026-08-21,FR0000121014,MC.PA,452.5000
2026-08-24,FR0000121014,MC.PA,459.3500
2026-08-25,FR0000121014,MC.PA,450.7000
2026-08-26,FR0000121014,MC.PA,453.8000
2026-08-27,FR0000121014,MC.PA,447.4000
2026-08-28,FR0000121014,MC.PA,458.1500
2026-08-31,FR0000121014,MC.PA,453.3000
2026-09-01,FR0000121014,MC.PA,445.0000
2026-09-02,FR0000121014,MC.PA,439.0000
2026-09-03,FR0000121014,MC.PA,431.0500
2026-09-04,FR0000121014,MC.PA,429.1000
2026-09-07,FR0000121014,MC.PA,431.2000
2026-09-08,FR0000121014,MC.PA,426.5500
2026-09-09,FR0000121014,MC.PA,411.2500
2026-09-10,FR0000121014,MC.PA,406.5000
2026-09-11,FR0000121014,MC.PA,415.3000
2026-09-14,FR0000121014,MC.PA,417.4500
2026-09-15,FR0000121014,MC.PA,406.4500
2026-09-16,FR0000121014,MC.PA,410.9500
2026-09-17,FR0000121014,MC.PA,412.3000
2026-09-18,FR0000121014,MC.PA,402.8000
2026-09-21,FR0000121014,MC.PA,405.5000
2026-09-22,FR0000121014,MC.PA,401.9500
2026-09-23,FR0000121014,MC.PA,396.9000
2026-09-24,FR0000121014,MC.PA,397.1000
2026-09-25,FR0000121014,MC.PA,396.8500
2024-02-01,IE00BK5BQT80,VWCE.DE,109.7600
2024-02-02,IE00BK5BQT80,VWCE.DE,111.3400
2024-02-05,IE00BK5BQT80,VWCE.DE,111.5600
2024-02-06,IE00BK5BQT80,VWCE.DE,112.0800
2024-02-07,IE00BK5BQT80,VWCE.DE,112.4800
2024-02-08,IE00BK5BQT80,VWCE.DE,112.4600
2024-02-09,IE00BK5BQT80,VWCE.DE,112.5800
2024-02-12,IE00BK5BQT80,VWCE.DE,113.6200
2024-02-13,IE00BK5BQT80,VWCE.DE,112.4400
2024-02-14,IE00BK5BQT80,VWCE.DE,112.7200
2024-02-15,IE00BK5BQT80,VWCE.DE,113.1600
2024-02-16,IE00BK5BQT80,VWCE.DE,113.7000
2024-02-19,IE00BK5BQT80,VWCE.DE,113.5200
2024-02-20,IE00BK5BQT80,VWCE.DE,112.4800
2024-02-21,IE00BK5BQT80,VWCE.DE,112.4200
2024-02-22,IE00BK5BQT80,VWCE.DE,114.2200
2024-02-23,IE00BK5BQT80,VWCE.DE,114.5400
2024-02-26,IE00BK5BQT80,VWCE.DE,114.1400
2024-02-27,IE00BK5BQT80,VWCE.DE,114.0000
2024-02-28,IE00BK5BQT80,VWCE.DE,113.9200
2024-02-29,IE00BK5BQT80,VWCE.DE,114.2200
2024-03-01,IE00BK5BQT80,VWCE.DE,115.0400
2024-03-04,IE00BK5BQT80,VWCE.DE,114.9400
2024-03-05,IE00BK5BQT80,VWCE.DE,114.1400
2024-03-06,IE00BK5BQT80,VWCE.DE,114.6400
2024-03-07,IE00BK5BQT80,VWCE.DE,115.1000
2024-03-08,IE00BK5BQT80,VWCE.DE,115.1200
2024-03-11,IE00BK5BQT80,VWCE.DE,114.5000
2024-03-12,IE00BK5BQT80,VWCE.DE,115.4400
2024-03-13,IE00BK5BQT80,VWCE.DE,115.4000
2024-03-14,IE00BK5BQT80,VWCE.DE,115.4600
2024-03-15,IE00BK5BQT80,VWCE.DE,114.8000
2024-03-18,IE00BK5BQT80,VWCE.DE,115.6800
2024-03-19,IE00BK5BQT80,VWCE.DE,115.8400
2024-03-20,IE00BK5BQT80,VWCE.DE,116.1200
2024-03-21,IE00BK5BQT80,VWCE.DE,117.7400
2024-03-22,IE00BK5BQT80,VWCE.DE,117.6200
2024-03-25,IE00BK5BQT80,VWCE.DE,117.3200
2024-03-26,IE00BK5BQT80,VWCE.DE,117.5600
2024-03-27,IE00BK5BQT80,VWCE.DE,117.4800
2024-03-28,IE00BK5BQT80,VWCE.DE,118.2800
2024-04-02,IE00BK5BQT80,VWCE.DE,117.4600
2024-04-03,IE00BK5BQT80,VWCE.DE,117.5400
2024-04-04,IE00BK5BQT80,VWCE.DE,117.7000
2024-04-05,IE00BK5BQT80,VWCE.DE,116.8800
2024-04-08,IE00BK5BQT80,VWCE.DE,117.0800
2024-04-09,IE00BK5BQT80,VWCE.DE,116.6000
2024-04-10,IE00BK5BQT80,VWCE.DE,117.0400
2024-04-11,IE00BK5BQT80,VWCE.DE,117.3200
2024-04-12,IE00BK5BQT80,VWCE.DE,117.7200
2024-04-15,IE00BK5BQT80,VWCE.DE,117.4200
2024-04-16,IE00BK5BQT80,VWCE.DE,115.6000
2024-04-17,IE00BK5BQT80,VWCE.DE,114.9200
2024-04-18,IE00BK5BQT80,VWCE.DE,115.2600
2024-04-19,IE00BK5BQT80,VWCE.DE,114.2800
2024-04-22,IE00BK5BQT80,VWCE.DE,114.5400
2024-04-23,IE00BK5BQT80,VWCE.DE,115.7400
2024-04-24,IE00BK5BQT80,VWCE.DE,115.7800
2024-04-25,IE00BK5BQT80,VWCE.DE,114.4800
2024-04-26,IE00BK5BQT80,VWCE.DE,116.4400
2024-04-29,IE00BK5BQT80,VWCE.DE,116.5800
2024-04-30,IE00BK5BQT80,VWCE.DE,116.2400
2024-05-02,IE00BK5BQT80,VWCE.DE,115.6800
2024-05-03,IE00BK5BQT80,VWCE.DE,116.6200
2024-05-06,IE00BK5BQT80,VWCE.DE,117.4200
2024-05-07,IE00BK5BQT80,VWCE.DE,118.0800
2024-05-08,IE00BK5BQT80,VWCE.DE,118.0800
2024-05-09,IE00BK5BQT80,VWCE.DE,118.2600
2024-05-10,IE00BK5BQT80,VWCE.DE,118.6400
2024-05-13,IE00BK5BQT80,VWCE.DE,118.6000
2024-05-14,IE00BK5BQT80,VWCE.DE,118.5200
2024-05-15,IE00BK5BQT80,VWCE.DE,119.3800
2024-05-16,IE00BK5BQT80,VWCE.DE,119.8000
2024-05-17,IE00BK5BQT80,VWCE.DE,119.5600
2024-05-20,IE00BK5BQT80,VWCE.DE,120.1800
2024-05-21,IE00BK5BQT80,VWCE.DE,119.8200
2024-05-22,IE00BK5BQT80,VWCE.DE,119.8800
2024-05-23,IE00BK5BQT80,VWCE.DE,119.9000
2024-05-24,IE00BK5BQT80,VWCE.DE,119.4000
2024-05-27,IE00BK5BQT80,VWCE.DE,119.7000
2024-05-28,IE00BK5BQT80,VWCE.DE,119.2200
2024-05-29,IE00BK5BQT80,VWCE.DE,118.6800
2024-05-30,IE00BK5BQT80,VWCE.DE,118.2600
2024-05-31,IE00BK5BQT80,VWCE.DE,117.5200
2024-06-03,IE00BK5BQT80,VWCE.DE,118.4200
2024-06-04,IE00BK5BQT80,VWCE.DE,117.9600
2024-06-05,IE00BK5BQT80,VWCE.DE,119.4800
2024-06-06,IE00BK5BQT80,VWCE.DE,119.9200
2024-06-07,IE00BK5BQT80,VWCE.DE,120.4600
2024-06-10,IE00BK5BQT80,VWCE.DE,120.9800
2024-06-11,IE00BK5BQT80,VWCE.DE,120.7400
2024-06-12,IE00BK5BQT80,VWCE.DE,121.3800
2024-06-13,IE00BK5BQT80,VWCE.DE,121.3200
2024-06-14,IE00BK5BQT80,VWCE.DE,121.6800
2024-06-17,IE00BK5BQT80,VWCE.DE,121.7400
2024-06-18,IE00BK5BQT80,VWCE.DE,122.4200
2024-06-19,IE00BK5BQT80,VWCE.DE,122.6200
2024-06-20,IE00BK5BQT80,VWCE.DE,123.0600
2024-06-21,IE00BK5BQT80,VWCE.DE,122.7000
2024-06-24,IE00BK5BQT80,VWCE.DE,122.8800
2024-06-25,IE00BK5BQT80,VWCE.DE,122.7200
2024-06-26,IE00BK5BQT80,VWCE.DE,122.7600
2024-06-27,IE00BK5BQT80,VWCE.DE,122.6800
2024-06-28,IE00BK5BQT80,VWCE.DE,123.1800
2024-07-01,IE00BK5BQT80,VWCE.DE,122.5200
2024-07-02,IE00BK5BQT80,VWCE.DE,122.7200
2024-07-03,IE00BK5BQT80,VWCE.DE,123.1200
2024-07-04,IE00BK5BQT80,VWCE.DE,123.4600
2024-07-05,IE00BK5BQT80,VWCE.DE,123.4200
2024-07-08,IE00BK5BQT80,VWCE.DE,123.6800
2024-07-09,IE00BK5BQT80,VWCE.DE,123.8600
2024-07-10,IE00BK5BQT80,VWCE.DE,124.4200
2024-07-11,IE00BK5BQT80,VWCE.DE,124.2400
2024-07-12,IE00BK5BQT80,VWCE.DE,124.8400
2024-07-15,IE00BK5BQT80,VWCE.DE,124.7600
2024-07-16,IE00BK5BQT80,VWCE.DE,124.8800
2024-07-17,IE00BK5BQT80,VWCE.DE,123.5800
2024-07-18,IE00BK5BQT80,VWCE.DE,122.9600
2024-07-19,IE00BK5BQT80,VWCE.DE,122.1000
2024-07-22,IE00BK5BQT80,VWCE.DE,122.6200
2024-07-23,IE00BK5BQT80,VWCE.DE,123.7200
2024-07-24,IE00BK5BQT80,VWCE.DE,121.7000
2024-07-25,IE00BK5BQT80,VWCE.DE,121.0800
2024-07-26,IE00BK5BQT80,VWCE.DE,121.3400
2024-07-29,IE00BK5BQT80,VWCE.DE,121.5400
2024-07-30,IE00BK5BQT80,VWCE.DE,121.6000
2024-07-31,IE00BK5BQT80,VWCE.DE,123.5000
2024-08-01,IE00BK5BQT80,VWCE.DE,122.2400
2024-08-02,IE00BK5BQT80,VWCE.DE,117.5200
2024-08-05,IE00BK5BQT80,VWCE.DE,114.8000
2024-08-06,IE00BK5BQT80,VWCE.DE,115.6600
2024-08-07,IE00BK5BQT80,VWCE.DE,117.5000
2024-08-08,IE00BK5BQT80,VWCE.DE,117.6600
2024-08-09,IE00BK5BQT80,VWCE.DE,118.0400
2024-08-12,IE00BK5BQT80,VWCE.DE,118.3000
2024-08-13,IE00BK5BQT80,VWCE.DE,119.3200
2024-08-14,IE00BK5BQT80,VWCE.DE,119.5400
2024-08-15,IE00BK5BQT80,VWCE.DE,121.6200
2024-08-16,IE00BK5BQT80,VWCE.DE,121.7400
2024-08-19,IE00BK5BQT80,VWCE.DE,122.1000
2024-08-20,IE00BK5BQT80,VWCE.DE,121.7000
2024-08-21,IE00BK5BQT80,VWCE.DE,121.9200
2024-08-22,IE00BK5BQT80,VWCE.DE,122.0000
2024-08-23,IE00BK5BQT80,VWCE.DE,122.1000
2024-08-26,IE00BK5BQT80,VWCE.DE,121.9200
2024-08-27,IE00BK5BQT80,VWCE.DE,122.0000
2024-08-28,IE00BK5BQT80,VWCE.DE,122.0400
2024-08-29,IE00BK5BQT80,VWCE.DE,123.4200
2024-08-30,IE00BK5BQT80,VWCE.DE,123.0200
2024-09-02,IE00BK5BQT80,VWCE.DE,123.6600
2024-09-03,IE00BK5BQT80,VWCE.DE,122.4800
2024-09-04,IE00BK5BQT80,VWCE.DE,121.1600
2024-09-05,IE00BK5BQT80,VWCE.DE,120.4200
2024-09-06,IE00BK5BQT80,VWCE.DE,118.8400
2024-09-09,IE00BK5BQT80,VWCE.DE,120.1800
2024-09-10,IE00BK5BQT80,VWCE.DE,120.3000
2024-09-11,IE00BK5BQT80,VWCE.DE,119.8000
2024-09-12,IE00BK5BQT80,VWCE.DE,121.8600
2024-09-13,IE00BK5BQT80,VWCE.DE,122.7000
2024-09-16,IE00BK5BQT80,VWCE.DE,122.1400
2024-09-17,IE00BK5BQT80,VWCE.DE,122.9200
2024-09-18,IE00BK5BQT80,VWCE.DE,122.3200
2024-09-19,IE00BK5BQT80,VWCE.DE,124.0600
2024-09-20,IE00BK5BQT80,VWCE.DE,123.2800
2024-09-23,IE00BK5BQT80,VWCE.DE,124.1800
2024-09-24,IE00BK5BQT80,VWCE.DE,124.4600
2024-09-25,IE00BK5BQT80,VWCE.DE,124.4800
2024-09-26,IE00BK5BQT80,VWCE.DE,125.2000
2024-09-27,IE00BK5BQT80,VWCE.DE,125.5600
2024-09-30,IE00BK5BQT80,VWCE.DE,125.2000
2024-10-01,IE00BK5BQT80,VWCE.DE,125.4800
2024-10-02,IE00BK5BQT80,VWCE.DE,126.2000
2024-10-03,IE00BK5BQT80,VWCE.DE,125.8400
2024-10-04,IE00BK5BQT80,VWCE.DE,126.6000
2024-10-07,IE00BK5BQT80,VWCE.DE,127.0400
2024-10-08,IE00BK5BQT80,VWCE.DE,126.7400
2024-10-09,IE00BK5BQT80,VWCE.DE,127.5200
2024-10-10,IE00BK5BQT80,VWCE.DE,127.7400
2024-10-11,IE00BK5BQT80,VWCE.DE,128.2000
2024-10-14,IE00BK5BQT80,VWCE.DE,129.0800
2024-10-15,IE00BK5BQT80,VWCE.DE,128.6200
2024-10-16,IE00BK5BQT80,VWCE.DE,128.7200
2024-10-17,IE00BK5BQT80,VWCE.DE,129.7400
2024-10-18,IE00BK5BQT80,VWCE.DE,129.6600
2024-10-21,IE00BK5BQT80,VWCE.DE,129.0800
2024-10-22,IE00BK5BQT80,VWCE.DE,129.2400
2024-10-23,IE00BK5BQT80,VWCE.DE,128.8600
2024-10-24,IE00BK5BQT80,VWCE.DE,128.5800
2024-10-25,IE00BK5BQT80,VWCE.DE,129.0200
2024-10-28,IE00BK5BQT80,VWCE.DE,128.9800
2024-10-29,IE00BK5BQT80,VWCE.DE,129.0600
2024-10-30,IE00BK5BQT80,VWCE.DE,128.2600
2024-10-31,IE00BK5BQT80,VWCE.DE,126.2200
2024-11-01,IE00BK5BQT80,VWCE.DE,127.2400
2024-11-04,IE00BK5BQT80,VWCE.DE,126.3000
2024-11-05,IE00BK5BQT80,VWCE.DE,126.9800
2024-11-06,IE00BK5BQT80,VWCE.DE,130.4200
2024-11-07,IE00BK5BQT80,VWCE.DE,131.3800
2024-11-08,IE00BK5BQT80,VWCE.DE,131.9800
2024-11-11,IE00BK5BQT80,VWCE.DE,133.2600
2024-11-12,IE00BK5BQT80,VWCE.DE,132.6400
2024-11-13,IE00BK5BQT80,VWCE.DE,133.0400
2024-11-14,IE00BK5BQT80,VWCE.DE,132.9400
2024-11-15,IE00BK5BQT80,VWCE.DE,131.3600
2024-11-18,IE00BK5BQT80,VWCE.DE,131.8600
2024-11-19,IE00BK5BQT80,VWCE.DE,131.7600
2024-11-20,IE00BK5BQT80,VWCE.DE,131.8000
2024-11-21,IE00BK5BQT80,VWCE.DE,133.2800
2024-11-22,IE00BK5BQT80,VWCE.DE,134.8200
2024-11-25,IE00BK5BQT80,VWCE.DE,134.4600
2024-11-26,IE00BK5BQT80,VWCE.DE,134.5600
2024-11-27,IE00BK5BQT80,VWCE.DE,133.4800
2024-11-28,IE00BK5BQT80,VWCE.DE,134.0200
2024-11-29,IE00BK5BQT80,VWCE.DE,134.5600
2024-12-02,IE00BK5BQT80,VWCE.DE,135.7600
2024-12-03,IE00BK5BQT80,VWCE.DE,135.6400
2024-12-04,IE00BK5BQT80,VWCE.DE,136.0600
2024-12-05,IE00BK5BQT80,VWCE.DE,135.9600
2024-12-06,IE00BK5BQT80,VWCE.DE,136.0400
2024-12-09,IE00BK5BQT80,VWCE.DE,135.9400
2024-12-10,IE00BK5BQT80,VWCE.DE,136.0000
2024-12-11,IE00BK5BQT80,VWCE.DE,136.7000
2024-12-12,IE00BK5BQT80,VWCE.DE,136.4200
2024-12-13,IE00BK5BQT80,VWCE.DE,135.7800
2024-12-16,IE00BK5BQT80,VWCE.DE,135.9600
2024-12-17,IE00BK5BQT80,VWCE.DE,135.5000
2024-12-18,IE00BK5BQT80,VWCE.DE,135.7800
2024-12-19,IE00BK5BQT80,VWCE.DE,133.8400
2024-12-20,IE00BK5BQT80,VWCE.DE,134.0600
2024-12-23,IE00BK5BQT80,VWCE.DE,133.7600
2024-12-27,IE00BK5BQT80,VWCE.DE,134.3600
2024-12-30,IE00BK5BQT80,VWCE.DE,133.2200
2025-01-02,IE00BK5BQT80,VWCE.DE,135.4800
2025-01-03,IE00BK5BQT80,VWCE.DE,135.2400
2025-01-06,IE00BK5BQT80,VWCE.DE,135.8800
2025-01-07,IE00BK5BQT80,VWCE.DE,134.9200
2025-01-08,IE00BK5BQT80,VWCE.DE,135.0000
2025-01-09,IE00BK5BQT80,VWCE.DE,135.0600
2025-01-10,IE00BK5BQT80,VWCE.DE,133.7200
2025-01-13,IE00BK5BQT80,VWCE.DE,133.5400
2025-01-14,IE00BK5BQT80,VWCE.DE,133.3200
2025-01-15,IE00BK5BQT80,VWCE.DE,135.3800
2025-01-16,IE00BK5BQT80,VWCE.DE,135.8000
2025-01-17,IE00BK5BQT80,VWCE.DE,137.0200
2025-01-20,IE00BK5BQT80,VWCE.DE,136.4200
2025-01-21,IE00BK5BQT80,VWCE.DE,136.4800
2025-01-22,IE00BK5BQT80,VWCE.DE,137.4800
2025-01-23,IE00BK5BQT80,VWCE.DE,137.6200
2025-01-24,IE00BK5BQT80,VWCE.DE,137.1400
2025-01-27,IE00BK5BQT80,VWCE.DE,134.8800
2025-01-28,IE00BK5BQT80,VWCE.DE,136.5000
2025-01-29,IE00BK5BQT80,VWCE.DE,137.1400
2025-01-30,IE00BK5BQT80,VWCE.DE,137.6400
2025-01-31,IE00BK5BQT80,VWCE.DE,138.8600
2025-02-03,IE00BK5BQT80,VWCE.DE,137.7800
2025-02-04,IE00BK5BQT80,VWCE.DE,137.8400
2025-02-05,IE00BK5BQT80,VWCE.DE,137.3800
2025-02-06,IE00BK5BQT80,VWCE.DE,138.8600
2025-02-07,IE00BK5BQT80,VWCE.DE,138.6600
2025-02-10,IE00BK5BQT80,VWCE.DE,139.5600
2025-02-11,IE00BK5BQT80,VWCE.DE,139.1600
2025-02-12,IE00BK5BQT80,VWCE.DE,138.3000
2025-02-13,IE00BK5BQT80,VWCE.DE,138.9200
2025-02-14,IE00BK5BQT80,VWCE.DE,138.7000
2025-02-17,IE00BK5BQT80,VWCE.DE,139.4400
2025-02-18,IE00BK5BQT80,VWCE.DE,139.5800
2025-02-19,IE00BK5BQT80,VWCE.DE,140.0000
2025-02-20,IE00BK5BQT80,VWCE.DE,138.7200
2025-02-21,IE00BK5BQT80,VWCE.DE,138.9800
2025-02-24,IE00BK5BQT80,VWCE.DE,137.3800
2025-02-25,IE00BK5BQT80,VWCE.DE,135.4200
2025-02-26,IE00BK5BQT80,VWCE.DE,137.2200
2025-02-27,IE00BK5BQT80,VWCE.DE,137.4000
2025-02-28,IE00BK5BQT80,VWCE.DE,135.8200
2025-03-03,IE00BK5BQT80,VWCE.DE,136.1000
2025-03-04,IE00BK5BQT80,VWCE.DE,131.9000
2025-03-05,IE00BK5BQT80,VWCE.DE,130.3000
2025-03-06,IE00BK5BQT80,VWCE.DE,130.5200
2025-03-07,IE00BK5BQT80,VWCE.DE,128.4000
2025-03-10,IE00BK5BQT80,VWCE.DE,127.3800
2025-03-11,IE00BK5BQT80,VWCE.DE,125.0600
2025-03-12,IE00BK5BQT80,VWCE.DE,126.4000
2025-03-13,IE00BK5BQT80,VWCE.DE,125.6000
2025-03-14,IE00BK5BQT80,VWCE.DE,127.0800
2025-03-17,IE00BK5BQT80,VWCE.DE,127.7000
2025-03-18,IE00BK5BQT80,VWCE.DE,127.2000
2025-03-19,IE00BK5BQT80,VWCE.DE,128.4600
2025-03-20,IE00BK5BQT80,VWCE.DE,128.7400
2025-03-21,IE00BK5BQT80,VWCE.DE,128.3800
2025-03-24,IE00BK5BQT80,VWCE.DE,130.4600
2025-03-25,IE00BK5BQT80,VWCE.DE,130.6000
2025-03-26,IE00BK5BQT80,VWCE.DE,130.0200
2025-03-27,IE00BK5BQT80,VWCE.DE,129.6400
2025-03-28,IE00BK5BQT80,VWCE.DE,126.9000
2025-03-31,IE00BK5BQT80,VWCE.DE,126.0800
2025-04-01,IE00BK5BQT80,VWCE.DE,127.5200
2025-04-02,IE00BK5BQT80,VWCE.DE,127.3000
2025-04-03,IE00BK5BQT80,VWCE.DE,121.3000
2025-04-04,IE00BK5BQT80,VWCE.DE,115.8000
2025-04-07,IE00BK5BQT80,VWCE.DE,112.5200
2025-04-08,IE00BK5BQT80,VWCE.DE,115.9400
2025-04-09,IE00BK5BQT80,VWCE.DE,110.5000
2025-04-10,IE00BK5BQT80,VWCE.DE,114.7800
2025-04-11,IE00BK5BQT80,VWCE.DE,113.9200
2025-04-14,IE00BK5BQT80,VWCE.DE,117.1000
2025-04-15,IE00BK5BQT80,VWCE.DE,118.3000
2025-04-16,IE00BK5BQT80,VWCE.DE,116.9000
2025-04-17,IE00BK5BQT80,VWCE.DE,115.8200
2025-04-22,IE00BK5BQT80,VWCE.DE,115.0800
2025-04-23,IE00BK5BQT80,VWCE.DE,118.4200
2025-04-24,IE00BK5BQT80,VWCE.DE,119.4200
2025-04-25,IE00BK5BQT80,VWCE.DE,119.8000
2025-04-28,IE00BK5BQT80,VWCE.DE,120.1400
2025-04-29,IE00BK5BQT80,VWCE.DE,120.7000
2025-04-30,IE00BK5BQT80,VWCE.DE,121.1400
2025-05-02,IE00BK5BQT80,VWCE.DE,124.1400
2025-05-05,IE00BK5BQT80,VWCE.DE,124.4400
2025-05-06,IE00BK5BQT80,VWCE.DE,123.7800
2025-05-07,IE00BK5BQT80,VWCE.DE,123.1400
2025-05-08,IE00BK5BQT80,VWCE.DE,125.0000
2025-05-09,IE00BK5BQT80,VWCE.DE,124.9400
2025-05-12,IE00BK5BQT80,VWCE.DE,129.0400
2025-05-13,IE00BK5BQT80,VWCE.DE,129.7200
2025-05-14,IE00BK5BQT80,VWCE.DE,129.4600
2025-05-15,IE00BK5BQT80,VWCE.DE,129.9200
2025-05-16,IE00BK5BQT80,VWCE.DE,130.7000
2025-05-19,IE00BK5BQT80,VWCE.DE,130.0800
2025-05-20,IE00BK5BQT80,VWCE.DE,130.2400
2025-05-21,IE00BK5BQT80,VWCE.DE,129.3200
2025-05-22,IE00BK5BQT80,VWCE.DE,128.4200
2025-05-23,IE00BK5BQT80,VWCE.DE,127.1400
2025-05-26,IE00BK5BQT80,VWCE.DE,128.1800
2025-05-27,IE00BK5BQT80,VWCE.DE,129.0800
2025-05-28,IE00BK5BQT80,VWCE.DE,129.1800
2025-05-29,IE00BK5BQT80,VWCE.DE,128.6000
2025-05-30,IE00BK5BQT80,VWCE.DE,128.4800
2025-06-02,IE00BK5BQT80,VWCE.DE,127.9600
2025-06-03,IE00BK5BQT80,VWCE.DE,129.4400
2025-06-04,IE00BK5BQT80,VWCE.DE,129.5800
2025-06-05,IE00BK5BQT80,VWCE.DE,129.6800
2025-06-06,IE00BK5BQT80,VWCE.DE,130.1800
2025-06-09,IE00BK5BQT80,VWCE.DE,130.2800
2025-06-10,IE00BK5BQT80,VWCE.DE,130.3000
2025-06-11,IE00BK5BQT80,VWCE.DE,130.3600
2025-06-12,IE00BK5BQT80,VWCE.DE,129.1800
2025-06-13,IE00BK5BQT80,VWCE.DE,128.5800
2025-06-16,IE00BK5BQT80,VWCE.DE,129.2000
2025-06-17,IE00BK5BQT80,VWCE.DE,128.8600
2025-06-18,IE00BK5BQT80,VWCE.DE,128.7600
2025-06-19,IE00BK5BQT80,VWCE.DE,127.6200
2025-06-20,IE00BK5BQT80,VWCE.DE,128.0400
2025-06-23,IE00BK5BQT80,VWCE.DE,127.7600
2025-06-24,IE00BK5BQT80,VWCE.DE,129.1600
2025-06-25,IE00BK5BQT80,VWCE.DE,129.0800
2025-06-26,IE00BK5BQT80,VWCE.DE,129.1600
2025-06-27,IE00BK5BQT80,VWCE.DE,130.1000
2025-06-30,IE00BK5BQT80,VWCE.DE,129.7800
2025-07-01,IE00BK5BQT80,VWCE.DE,129.5800
2025-07-02,IE00BK5BQT80,VWCE.DE,129.9200
2025-07-03,IE00BK5BQT80,VWCE.DE,131.2200
2025-07-04,IE00BK5BQT80,VWCE.DE,130.2800
2025-07-07,IE00BK5BQT80,VWCE.DE,130.7000
2025-07-08,IE00BK5BQT80,VWCE.DE,130.7400
2025-07-09,IE00BK5BQT80,VWCE.DE,131.1000
2025-07-10,IE00BK5BQT80,VWCE.DE,132.0000
2025-07-11,IE00BK5BQT80,VWCE.DE,131.2800
2025-07-14,IE00BK5BQT80,VWCE.DE,131.4400
2025-07-15,IE00BK5BQT80,VWCE.DE,132.2400
2025-07-16,IE00BK5BQT80,VWCE.DE,130.4000
2025-07-17,IE00BK5BQT80,VWCE.DE,133.0400
2025-07-18,IE00BK5BQT80,VWCE.DE,132.5800
2025-07-21,IE00BK5BQT80,VWCE.DE,132.7400
2025-07-22,IE00BK5BQT80,VWCE.DE,131.8800
2025-07-23,IE00BK5BQT80,VWCE.DE,133.0600
2025-07-24,IE00BK5BQT80,VWCE.DE,133.2600
2025-07-25,IE00BK5BQT80,VWCE.DE,133.4000
2025-07-28,IE00BK5BQT80,VWCE.DE,134.5400
2025-07-29,IE00BK5BQT80,VWCE.DE,135.0800
2025-07-30,IE00BK5BQT80,VWCE.DE,135.7000
2025-07-31,IE00BK5BQT80,VWCE.DE,135.9000
2025-08-01,IE00BK5BQT80,VWCE.DE,132.0400
2025-08-04,IE00BK5BQT80,VWCE.DE,133.4400
2025-08-05,IE00BK5BQT80,VWCE.DE,133.2200
2025-08-06,IE00BK5BQT80,VWCE.DE,133.4600
2025-08-07,IE00BK5BQT80,VWCE.DE,133.9000
2025-08-08,IE00BK5BQT80,VWCE.DE,134.2000
2025-08-11,IE00BK5BQT80,VWCE.DE,135.0400
2025-08-12,IE00BK5BQT80,VWCE.DE,135.0200
2025-08-13,IE00BK5BQT80,VWCE.DE,135.3000
2025-08-14,IE00BK5BQT80,VWCE.DE,135.9200
2025-08-15,IE00BK5BQT80,VWCE.DE,135.4800
2025-08-18,IE00BK5BQT80,VWCE.DE,135.8000
2025-08-19,IE00BK5BQT80,VWCE.DE,135.8200
2025-08-20,IE00BK5BQT80,VWCE.DE,135.0800
2025-08-21,IE00BK5BQT80,VWCE.DE,135.5400
2025-08-22,IE00BK5BQT80,VWCE.DE,136.4000
2025-08-25,IE00BK5BQT80,VWCE.DE,136.2400
2025-08-26,IE00BK5BQT80,VWCE.DE,135.9800
2025-08-27,IE00BK5BQT80,VWCE.DE,136.8200
2025-08-28,IE00BK5BQT80,VWCE.DE,136.5400
2025-08-29,IE00BK5BQT80,VWCE.DE,135.4800
2025-09-01,IE00BK5BQT80,VWCE.DE,135.8800
2025-09-02,IE00BK5BQT80,VWCE.DE,134.4000
2025-09-03,IE00BK5BQT80,VWCE.DE,135.3000
2025-09-04,IE00BK5BQT80,VWCE.DE,136.2800
2025-09-05,IE00BK5BQT80,VWCE.DE,135.5600
2025-09-08,IE00BK5BQT80,VWCE.DE,136.4400
2025-09-09,IE00BK5BQT80,VWCE.DE,136.5800
2025-09-10,IE00BK5BQT80,VWCE.DE,137.3800
2025-09-11,IE00BK5BQT80,VWCE.DE,138.3000
2025-09-12,IE00BK5BQT80,VWCE.DE,138.3400
2025-09-15,IE00BK5BQT80,VWCE.DE,138.5800
2025-09-16,IE00BK5BQT80,VWCE.DE,137.5400
2025-09-17,IE00BK5BQT80,VWCE.DE,137.6400
2025-09-18,IE00BK5BQT80,VWCE.DE,138.9600
2025-09-19,IE00BK5BQT80,VWCE.DE,139.0400
2025-09-22,IE00BK5BQT80,VWCE.DE,139.2800
2025-09-23,IE00BK5BQT80,VWCE.DE,139.5200
2025-09-24,IE00BK5BQT80,VWCE.DE,139.3400
2025-09-25,IE00BK5BQT80,VWCE.DE,139.1400
2025-09-26,IE00BK5BQT80,VWCE.DE,139.0600
2025-09-29,IE00BK5BQT80,VWCE.DE,139.6000
2025-09-30,IE00BK5BQT80,VWCE.DE,139.4600
2025-10-01,IE00BK5BQT80,VWCE.DE,140.5000
2025-10-02,IE00BK5BQT80,VWCE.DE,141.0600
2025-10-03,IE00BK5BQT80,VWCE.DE,141.6600
2025-10-06,IE00BK5BQT80,VWCE.DE,142.1800
2025-10-07,IE00BK5BQT80,VWCE.DE,141.9000
2025-10-08,IE00BK5BQT80,VWCE.DE,143.1600
2025-10-09,IE00BK5BQT80,VWCE.DE,143.1600
2025-10-10,IE00BK5BQT80,VWCE.DE,140.1200
2025-10-13,IE00BK5BQT80,VWCE.DE,141.4400
2025-10-14,IE00BK5BQT80,VWCE.DE,140.8400
2025-10-15,IE00BK5BQT80,VWCE.DE,141.6800
2025-10-16,IE00BK5BQT80,VWCE.DE,141.7400
2025-10-17,IE00BK5BQT80,VWCE.DE,140.1000
2025-10-20,IE00BK5BQT80,VWCE.DE,142.6600
2025-10-21,IE00BK5BQT80,VWCE.DE,143.1200
2025-10-22,IE00BK5BQT80,VWCE.DE,142.3800
2025-10-23,IE00BK5BQT80,VWCE.DE,143.0000
2025-10-27,IE00BK5BQT80,VWCE.DE,145.0400
2025-10-28,IE00BK5BQT80,VWCE.DE,145.2200
2025-10-29,IE00BK5BQT80,VWCE.DE,145.6000
2025-10-30,IE00BK5BQT80,VWCE.DE,145.6600
2025-10-31,IE00BK5BQT80,VWCE.DE,145.5400
2025-11-03,IE00BK5BQT80,VWCE.DE,145.7800
2025-11-04,IE00BK5BQT80,VWCE.DE,145.2600
2025-11-05,IE00BK5BQT80,VWCE.DE,145.4600
2025-11-06,IE00BK5BQT80,VWCE.DE,143.3600
2025-11-07,IE00BK5BQT80,VWCE.DE,141.5400
2025-11-10,IE00BK5BQT80,VWCE.DE,144.5400
2025-11-11,IE00BK5BQT80,VWCE.DE,145.0200
2025-11-12,IE00BK5BQT80,VWCE.DE,145.7400
2025-11-13,IE00BK5BQT80,VWCE.DE,143.8200
2025-11-14,IE00BK5BQT80,VWCE.DE,143.6800
2025-11-17,IE00BK5BQT80,VWCE.DE,143.0200
2025-11-18,IE00BK5BQT80,VWCE.DE,141.1800
2025-11-19,IE00BK5BQT80,VWCE.DE,141.3800
2025-11-20,IE00BK5BQT80,VWCE.DE,142.2200
2025-11-21,IE00BK5BQT80,VWCE.DE,140.8000
2025-11-24,IE00BK5BQT80,VWCE.DE,142.4600
2025-11-25,IE00BK5BQT80,VWCE.DE,142.8000
2025-11-26,IE00BK5BQT80,VWCE.DE,144.4200
2025-11-27,IE00BK5BQT80,VWCE.DE,144.2600
2025-11-28,IE00BK5BQT80,VWCE.DE,144.8400
2025-12-01,IE00BK5BQT80,VWCE.DE,144.3000
2025-12-02,IE00BK5BQT80,VWCE.DE,144.2600
2025-12-03,IE00BK5BQT80,VWCE.DE,144.1800
2025-12-04,IE00BK5BQT80,VWCE.DE,144.5400
2025-12-05,IE00BK5BQT80,VWCE.DE,145.1600
2025-12-08,IE00BK5BQT80,VWCE.DE,144.9000
2025-12-09,IE00BK5BQT80,VWCE.DE,144.9800
2025-12-10,IE00BK5BQT80,VWCE.DE,144.7200
2025-12-11,IE00BK5BQT80,VWCE.DE,144.0800
2025-12-12,IE00BK5BQT80,VWCE.DE,143.1800
2025-12-15,IE00BK5BQT80,VWCE.DE,143.4600
2025-12-16,IE00BK5BQT80,VWCE.DE,142.4400
2025-12-17,IE00BK5BQT80,VWCE.DE,141.8000
2025-12-18,IE00BK5BQT80,VWCE.DE,143.5200
2025-12-19,IE00BK5BQT80,VWCE.DE,144.1800
2025-12-22,IE00BK5BQT80,VWCE.DE,144.4000
2025-12-23,IE00BK5BQT80,VWCE.DE,144.7000
2025-12-29,IE00BK5BQT80,VWCE.DE,144.9800
2025-12-30,IE00BK5BQT80,VWCE.DE,145.4200
2026-01-02,IE00BK5BQT80,VWCE.DE,145.1400
2026-01-05,IE00BK5BQT80,VWCE.DE,147.0800
2026-01-06,IE00BK5BQT80,VWCE.DE,147.7000
2026-01-07,IE00BK5BQT80,VWCE.DE,148.0000
2026-01-08,IE00BK5BQT80,VWCE.DE,147.7200
2026-01-09,IE00BK5BQT80,VWCE.DE,148.9000
2026-01-12,IE00BK5BQT80,VWCE.DE,149.0000
2026-01-13,IE00BK5BQT80,VWCE.DE,149.2600
2026-01-14,IE00BK5BQT80,VWCE.DE,148.4000
2026-01-15,IE00BK5BQT80,VWCE.DE,150.2400
2026-01-16,IE00BK5BQT80,VWCE.DE,149.9000
2026-01-19,IE00BK5BQT80,VWCE.DE,148.0400
2026-01-20,IE00BK5BQT80,VWCE.DE,146.6600
2026-01-21,IE00BK5BQT80,VWCE.DE,147.0000
2026-01-22,IE00BK5BQT80,VWCE.DE,147.9800
2026-01-23,IE00BK5BQT80,VWCE.DE,147.7200
2026-01-26,IE00BK5BQT80,VWCE.DE,147.2400
2026-01-27,IE00BK5BQT80,VWCE.DE,147.1600
2026-01-28,IE00BK5BQT80,VWCE.DE,147.3800
2026-01-29,IE00BK5BQT80,VWCE.DE,146.1400
2026-01-30,IE00BK5BQT80,VWCE.DE,147.2200
2026-02-02,IE00BK5BQT80,VWCE.DE,148.5400
2026-02-03,IE00BK5BQT80,VWCE.DE,148.1000
2026-02-04,IE00BK5BQT80,VWCE.DE,147.7600
2026-02-05,IE00BK5BQT80,VWCE.DE,146.5000
2026-02-06,IE00BK5BQT80,VWCE.DE,147.8200
2026-02-09,IE00BK5BQT80,VWCE.DE,148.5400
2026-02-10,IE00BK5BQT80,VWCE.DE,148.9000
2026-02-11,IE00BK5BQT80,VWCE.DE,149.0800
2026-02-12,IE00BK5BQT80,VWCE.DE,147.8400
2026-02-13,IE00BK5BQT80,VWCE.DE,147.7000
2026-02-16,IE00BK5BQT80,VWCE.DE,147.5400
2026-02-17,IE00BK5BQT80,VWCE.DE,147.8200
2026-02-18,IE00BK5BQT80,VWCE.DE,149.5000
2026-02-19,IE00BK5BQT80,VWCE.DE,149.1600
2026-02-20,IE00BK5BQT80,VWCE.DE,149.8800
2026-02-23,IE00BK5BQT80,VWCE.DE,148.8200
2026-02-24,IE00BK5BQT80,VWCE.DE,149.7200
2026-02-25,IE00BK5BQT80,VWCE.DE,150.8600
2026-02-26,IE00BK5BQT80,VWCE.DE,150.4200
2026-02-27,IE00BK5BQT80,VWCE.DE,149.8200
2026-03-02,IE00BK5BQT80,VWCE.DE,150.0200
2026-03-03,IE00BK5BQT80,VWCE.DE,147.6800
2026-03-04,IE00BK5BQT80,VWCE.DE,149.3000
2026-03-05,IE00BK5BQT80,VWCE.DE,148.3400
2026-03-09,IE00BK5BQT80,VWCE.DE,146.4000
2026-03-10,IE00BK5BQT80,VWCE.DE,148.5400
2026-03-11,IE00BK5BQT80,VWCE.DE,148.0000
2026-03-12,IE00BK5BQT80,VWCE.DE,146.9600
2026-03-13,IE00BK5BQT80,VWCE.DE,146.7800
2026-03-16,IE00BK5BQT80,VWCE.DE,147.3800
2026-03-17,IE00BK5BQT80,VWCE.DE,147.8000
2026-03-18,IE00BK5BQT80,VWCE.DE,146.8000
2026-03-19,IE00BK5BQT80,VWCE.DE,144.2800
2026-03-20,IE00BK5BQT80,VWCE.DE,142.6400
2026-03-23,IE00BK5BQT80,VWCE.DE,143.3400
2026-03-24,IE00BK5BQT80,VWCE.DE,143.2400
2026-03-25,IE00BK5BQT80,VWCE.DE,144.6800
2026-03-26,IE00BK5BQT80,VWCE.DE,142.9600
2026-03-27,IE00BK5BQT80,VWCE.DE,140.9800
2026-03-30,IE00BK5BQT80,VWCE.DE,141.9000
2026-03-31,IE00BK5BQT80,VWCE.DE,141.8200
2026-04-01,IE00BK5BQT80,VWCE.DE,144.9000
2026-04-02,IE00BK5BQT80,VWCE.DE,144.7400
2026-04-07,IE00BK5BQT80,VWCE.DE,143.9200
2026-04-08,IE00BK5BQT80,VWCE.DE,148.0800
2026-04-09,IE00BK5BQT80,VWCE.DE,148.1600
2026-04-10,IE00BK5BQT80,VWCE.DE,148.5600
2026-04-13,IE00BK5BQT80,VWCE.DE,148.4800
2026-04-14,IE00BK5BQT80,VWCE.DE,150.2800
2026-04-15,IE00BK5BQT80,VWCE.DE,150.7800
2026-04-16,IE00BK5BQT80,VWCE.DE,151.7000
2026-04-17,IE00BK5BQT80,VWCE.DE,153.6600
2026-04-20,IE00BK5BQT80,VWCE.DE,152.8800
2026-04-21,IE00BK5BQT80,VWCE.DE,152.5600
2026-04-22,IE00BK5BQT80,VWCE.DE,153.3800
2026-04-23,IE00BK5BQT80,VWCE.DE,153.7800
2026-04-24,IE00BK5BQT80,VWCE.DE,153.6000
2026-04-27,IE00BK5BQT80,VWCE.DE,153.5000
2026-04-28,IE00BK5BQT80,VWCE.DE,152.8800
2026-04-29,IE00BK5BQT80,VWCE.DE,153.1200
2026-04-30,IE00BK5BQT80,VWCE.DE,153.9600
2026-05-04,IE00BK5BQT80,VWCE.DE,154.5600
2026-05-05,IE00BK5BQT80,VWCE.DE,155.9800
2026-05-06,IE00BK5BQT80,VWCE.DE,158.0600
2026-05-07,IE00BK5BQT80,VWCE.DE,157.9800
2026-05-08,IE00BK5BQT80,VWCE.DE,158.1400
2026-05-11,IE00BK5BQT80,VWCE.DE,158.6200
2026-05-12,IE00BK5BQT80,VWCE.DE,156.9600
2026-05-13,IE00BK5BQT80,VWCE.DE,159.1400
2026-05-14,IE00BK5BQT80,VWCE.DE,161.0200
2026-05-15,IE00BK5BQT80,VWCE.DE,159.4400
2026-05-18,IE00BK5BQT80,VWCE.DE,158.4400
2026-05-19,IE00BK5BQT80,VWCE.DE,158.2000
2026-05-20,IE00BK5BQT80,VWCE.DE,159.7600
2026-05-21,IE00BK5BQT80,VWCE.DE,159.9200
2026-05-22,IE00BK5BQT80,VWCE.DE,161.6200
2026-05-25,IE00BK5BQT80,VWCE.DE,162.7800
2026-05-26,IE00BK5BQT80,VWCE.DE,162.5800
2026-05-27,IE00BK5BQT80,VWCE.DE,162.2000
2026-05-28,IE00BK5BQT80,VWCE.DE,162.8200
2026-05-29,IE00BK5BQT80,VWCE.DE,163.1600
2026-06-01,IE00BK5BQT80,VWCE.DE,163.9200
2026-06-02,IE00BK5BQT80,VWCE.DE,164.8800
2026-06-03,IE00BK5BQT80,VWCE.DE,164.1400
2026-06-04,IE00BK5BQT80,VWCE.DE,163.8000
2026-06-05,IE00BK5BQT80,VWCE.DE,162.3600
2026-06-08,IE00BK5BQT80,VWCE.DE,161.5600
2026-06-09,IE00BK5BQT80,VWCE.DE,159.5000
2026-06-10,IE00BK5BQT80,VWCE.DE,159.2400
2026-06-11,IE00BK5BQT80,VWCE.DE,159.5600
2026-06-12,IE00BK5BQT80,VWCE.DE,162.4600
2026-06-15,IE00BK5BQT80,VWCE.DE,164.6000
2026-06-16,IE00BK5BQT80,VWCE.DE,164.1600
2026-06-17,IE00BK5BQT80,VWCE.DE,164.6400
2026-06-18,IE00BK5BQT80,VWCE.DE,165.4600
2026-06-19,IE00BK5BQT80,VWCE.DE,165.4400
2026-06-22,IE00BK5BQT80,VWCE.DE,166.0400
2026-06-23,IE00BK5BQT80,VWCE.DE,163.9200
2026-06-24,IE00BK5BQT80,VWCE.DE,164.8000
2026-06-25,IE00BK5BQT80,VWCE.DE,164.2000
2026-06-26,IE00BK5BQT80,VWCE.DE,163.7000
2026-06-29,IE00BK5BQT80,VWCE.DE,163.4400
2026-06-30,IE00BK5BQT80,VWCE.DE,165.2200
2026-07-01,IE00BK5BQT80,VWCE.DE,165.9400
2026-07-02,IE00BK5BQT80,VWCE.DE,164.9800
2026-07-03,IE00BK5BQT80,VWCE.DE,165.8800
2026-07-06,IE00BK5BQT80,VWCE.DE,166.6000
2026-07-07,IE00BK5BQT80,VWCE.DE,164.8200
2026-07-08,IE00BK5BQT80,VWCE.DE,163.7800
2026-07-09,IE00BK5BQT80,VWCE.DE,165.5600
2026-07-10,IE00BK5BQT80,VWCE.DE,166.1400
2026-07-13,IE00BK5BQT80,VWCE.DE,165.7800
2026-07-14,IE00BK5BQT80,VWCE.DE,165.6600
2026-07-15,IE00BK5BQT80,VWCE.DE,165.8000
2026-07-16,IE00BK5BQT80,VWCE.DE,165.4600
2026-07-17,IE00BK5BQT80,VWCE.DE,163.5000
2026-07-20,IE00BK5BQT80,VWCE.DE,164.1800
2026-07-21,IE00BK5BQT80,VWCE.DE,165.1400
2026-07-22,IE00BK5BQT80,VWCE.DE,165.4000
2026-07-23,IE00BK5BQT80,VWCE.DE,163.3600
2026-07-24,IE00BK5BQT80,VWCE.DE,164.2800
2026-07-27,IE00BK5BQT80,VWCE.DE,163.3600
2026-07-28,IE00BK5BQT80,VWCE.DE,163.7800
2026-07-29,IE00BK5BQT80,VWCE.DE,162.4000
2026-07-30,IE00BK5BQT80,VWCE.DE,162.0200
2026-07-31,IE00BK5BQT80,VWCE.DE,162.9600
2026-08-03,IE00BK5BQT80,VWCE.DE,165.1000
2026-08-04,IE00BK5BQT80,VWCE.DE,167.5400
2026-08-05,IE00BK5BQT80,VWCE.DE,168.0400
2026-08-06,IE00BK5BQT80,VWCE.DE,167.8400
2026-08-07,IE00BK5BQT80,VWCE.DE,168.3800
2026-08-10,IE00BK5BQT80,VWCE.DE,168.4800
2026-08-11,IE00BK5BQT80,VWCE.DE,168.4800
2026-08-12,IE00BK5BQT80,VWCE.DE,168.8000
2026-08-13,IE00BK5BQT80,VWCE.DE,169.6200
2026-08-14,IE00BK5BQT80,VWCE.DE,168.8800
2026-08-17,IE00BK5BQT80,VWCE.DE,169.0600
2026-08-18,IE00BK5BQT80,VWCE.DE,166.9000
2026-08-19,IE00BK5BQT80,VWCE.DE,166.5000
2026-08-20,IE00BK5BQT80,VWCE.DE,165.6600
2026-08-21,IE00BK5BQT80,VWCE.DE,166.3000
2026-08-24,IE00BK5BQT80,VWCE.DE,165.6200
2026-08-25,IE00BK5BQT80,VWCE.DE,166.3000
2026-08-26,IE00BK5BQT80,VWCE.DE,166.5400
2026-08-27,IE00BK5BQT80,VWCE.DE,167.1400
2026-08-28,IE00BK5BQT80,VWCE.DE,168.5400
2026-08-31,IE00BK5BQT80,VWCE.DE,166.6600
2026-09-01,IE00BK5BQT80,VWCE.DE,166.6200
2026-09-02,IE00BK5BQT80,VWCE.DE,166.8200
2026-09-03,IE00BK5BQT80,VWCE.DE,168.0600
2026-09-04,IE00BK5BQT80,VWCE.DE,167.8800
2026-09-07,IE00BK5BQT80,VWCE.DE,167.7800
2026-09-08,IE00BK5BQT80,VWCE.DE,167.5800
2026-09-09,IE00BK5BQT80,VWCE.DE,166.2200
2026-09-10,IE00BK5BQT80,VWCE.DE,165.2600
2026-09-11,IE00BK5BQT80,VWCE.DE,166.8600
2026-09-14,IE00BK5BQT80,VWCE.DE,166.2200
2026-09-15,IE00BK5BQT80,VWCE.DE,165.3600
2026-09-16,IE00BK5BQT80,VWCE.DE,166.3000
2026-09-17,IE00BK5BQT80,VWCE.DE,167.6600
2026-09-18,IE00BK5BQT80,VWCE.DE,167.1400
2026-09-21,IE00BK5BQT80,VWCE.DE,169.4800
2026-09-22,IE00BK5BQT80,VWCE.DE,170.5000
2026-09-23,IE00BK5BQT80,VWCE.DE,170.0400
2026-09-24,IE00BK5BQT80,VWCE.DE,168.9200
2026-09-25,IE00BK5BQT80,VWCE.DE,169.7400
2024-02-01,Sanofi,SAN.PA,77.9753
2024-02-02,Sanofi,SAN.PA,76.2682
2024-02-05,Sanofi,SAN.PA,76.1202
2024-02-06,Sanofi,SAN.PA,75.9721
2024-02-07,Sanofi,SAN.PA,76.1115
2024-02-08,Sanofi,SAN.PA,74.7180
2024-02-09,Sanofi,SAN.PA,75.3364
2024-02-12,Sanofi,SAN.PA,74.9618
2024-02-13,Sanofi,SAN.PA,74.6309
2024-02-14,Sanofi,SAN.PA,74.6657
2024-02-15,Sanofi,SAN.PA,75.3451
2024-02-16,Sanofi,SAN.PA,75.3015
2024-02-19,Sanofi,SAN.PA,75.0925
2024-02-20,Sanofi,SAN.PA,75.8850
2024-02-21,Sanofi,SAN.PA,76.0941
2024-02-22,Sanofi,SAN.PA,77.2873
2024-02-23,Sanofi,SAN.PA,78.1321
2024-02-26,Sanofi,SAN.PA,77.7576
2024-02-27,Sanofi,SAN.PA,77.3656
2024-02-28,Sanofi,SAN.PA,77.3744
2024-02-29,Sanofi,SAN.PA,76.5470
2024-03-01,Sanofi,SAN.PA,76.0418
2024-03-04,Sanofi,SAN.PA,75.6150
2024-03-05,Sanofi,SAN.PA,76.2944
2024-03-06,Sanofi,SAN.PA,75.8763
2024-03-07,Sanofi,SAN.PA,76.6428
2024-03-08,Sanofi,SAN.PA,76.3728
2024-03-11,Sanofi,SAN.PA,76.9215
2024-03-12,Sanofi,SAN.PA,76.9389
2024-03-13,Sanofi,SAN.PA,77.0695
2024-03-14,Sanofi,SAN.PA,76.8257
2024-03-15,Sanofi,SAN.PA,76.8169
2024-03-18,Sanofi,SAN.PA,76.6428
2024-03-19,Sanofi,SAN.PA,75.9460
2024-03-20,Sanofi,SAN.PA,76.3292
2024-03-21,Sanofi,SAN.PA,76.3902
2024-03-22,Sanofi,SAN.PA,77.2089
2024-03-25,Sanofi,SAN.PA,78.0798
2024-03-26,Sanofi,SAN.PA,79.5169
2024-03-27,Sanofi,SAN.PA,79.9175
2024-03-28,Sanofi,SAN.PA,79.2207
2024-04-02,Sanofi,SAN.PA,77.1044
2024-04-03,Sanofi,SAN.PA,77.4963
2024-04-04,Sanofi,SAN.PA,77.2698
2024-04-05,Sanofi,SAN.PA,76.0679
2024-04-08,Sanofi,SAN.PA,75.7718
2024-04-09,Sanofi,SAN.PA,75.9634
2024-04-10,Sanofi,SAN.PA,76.7473
2024-04-11,Sanofi,SAN.PA,75.4844
2024-04-12,Sanofi,SAN.PA,75.3102
2024-04-15,Sanofi,SAN.PA,76.1637
2024-04-16,Sanofi,SAN.PA,75.5889
2024-04-17,Sanofi,SAN.PA,75.0576
2024-04-18,Sanofi,SAN.PA,74.2303
2024-04-19,Sanofi,SAN.PA,75.6760
2024-04-22,Sanofi,SAN.PA,76.7908
2024-04-23,Sanofi,SAN.PA,77.3831
2024-04-24,Sanofi,SAN.PA,76.3815
2024-04-25,Sanofi,SAN.PA,79.7956
2024-04-26,Sanofi,SAN.PA,79.4559
2024-04-29,Sanofi,SAN.PA,79.9872
2024-04-30,Sanofi,SAN.PA,81.0671
2024-05-02,Sanofi,SAN.PA,80.0394
2024-05-03,Sanofi,SAN.PA,79.5169
2024-05-06,Sanofi,SAN.PA,79.2730
2024-05-07,Sanofi,SAN.PA,80.0220
2024-05-08,Sanofi,SAN.PA,81.0671
2024-05-09,Sanofi,SAN.PA,81.1542
2024-05-10,Sanofi,SAN.PA,82.1558
2024-05-13,Sanofi,SAN.PA,84.0970
2024-05-14,Sanofi,SAN.PA,83.1718
2024-05-15,Sanofi,SAN.PA,82.1467
2024-05-16,Sanofi,SAN.PA,81.8565
2024-05-17,Sanofi,SAN.PA,80.8859
2024-05-20,Sanofi,SAN.PA,80.8768
2024-05-21,Sanofi,SAN.PA,81.6388
2024-05-22,Sanofi,SAN.PA,82.3644
2024-05-23,Sanofi,SAN.PA,81.7839
2024-05-24,Sanofi,SAN.PA,81.2034
2024-05-27,Sanofi,SAN.PA,81.5118
2024-05-28,Sanofi,SAN.PA,80.3507
2024-05-29,Sanofi,SAN.PA,79.5615
2024-05-30,Sanofi,SAN.PA,80.3416
2024-05-31,Sanofi,SAN.PA,81.4211
2024-06-03,Sanofi,SAN.PA,81.7385
2024-06-04,Sanofi,SAN.PA,81.8837
2024-06-05,Sanofi,SAN.PA,82.2647
2024-06-06,Sanofi,SAN.PA,82.5549
2024-06-07,Sanofi,SAN.PA,82.6638
2024-06-10,Sanofi,SAN.PA,81.8837
2024-06-11,Sanofi,SAN.PA,81.5390
2024-06-12,Sanofi,SAN.PA,81.0038
2024-06-13,Sanofi,SAN.PA,79.7611
2024-06-14,Sanofi,SAN.PA,78.4004
2024-06-17,Sanofi,SAN.PA,79.5252
2024-06-18,Sanofi,SAN.PA,80.2872
2024-06-19,Sanofi,SAN.PA,78.7542
2024-06-20,Sanofi,SAN.PA,79.9244
2024-06-21,Sanofi,SAN.PA,79.4799
2024-06-24,Sanofi,SAN.PA,81.9653
2024-06-25,Sanofi,SAN.PA,82.4279
2024-06-26,Sanofi,SAN.PA,82.3554
2024-06-27,Sanofi,SAN.PA,81.5118
2024-06-28,Sanofi,SAN.PA,81.5843
2024-07-01,Sanofi,SAN.PA,83.3169
2024-07-02,Sanofi,SAN.PA,82.0379
2024-07-03,Sanofi,SAN.PA,81.8474
2024-07-04,Sanofi,SAN.PA,82.5459
2024-07-05,Sanofi,SAN.PA,82.4914
2024-07-08,Sanofi,SAN.PA,83.5437
2024-07-09,Sanofi,SAN.PA,83.4802
2024-07-10,Sanofi,SAN.PA,84.8590
2024-07-11,Sanofi,SAN.PA,85.0948
2024-07-12,Sanofi,SAN.PA,85.6300
2024-07-15,Sanofi,SAN.PA,83.8430
2024-07-16,Sanofi,SAN.PA,83.3804
2024-07-17,Sanofi,SAN.PA,83.4711
2024-07-18,Sanofi,SAN.PA,83.6888
2024-07-19,Sanofi,SAN.PA,83.7795
2024-07-22,Sanofi,SAN.PA,84.8136
2024-07-23,Sanofi,SAN.PA,84.1696
2024-07-24,Sanofi,SAN.PA,84.8771
2024-07-25,Sanofi,SAN.PA,88.4329
2024-07-26,Sanofi,SAN.PA,87.8252
2024-07-29,Sanofi,SAN.PA,86.8818
2024-07-30,Sanofi,SAN.PA,86.5280
2024-07-31,Sanofi,SAN.PA,86.4736
2024-08-01,Sanofi,SAN.PA,86.2015
2024-08-02,Sanofi,SAN.PA,87.2174
2024-08-05,Sanofi,SAN.PA,85.4939
2024-08-06,Sanofi,SAN.PA,84.6957
2024-08-07,Sanofi,SAN.PA,86.4010
2024-08-08,Sanofi,SAN.PA,86.7457
2024-08-09,Sanofi,SAN.PA,87.3081
2024-08-12,Sanofi,SAN.PA,86.7820
2024-08-13,Sanofi,SAN.PA,88.0792
2024-08-14,Sanofi,SAN.PA,88.5236
2024-08-15,Sanofi,SAN.PA,88.8502
2024-08-16,Sanofi,SAN.PA,89.4126
2024-08-19,Sanofi,SAN.PA,89.2040
2024-08-20,Sanofi,SAN.PA,89.3582
2024-08-21,Sanofi,SAN.PA,89.7301
2024-08-22,Sanofi,SAN.PA,89.8117
2024-08-23,Sanofi,SAN.PA,91.0182
2024-08-26,Sanofi,SAN.PA,91.4536
2024-08-27,Sanofi,SAN.PA,91.3629
2024-08-28,Sanofi,SAN.PA,91.5987
2024-08-29,Sanofi,SAN.PA,92.0160
2024-08-30,Sanofi,SAN.PA,91.7983
2024-09-02,Sanofi,SAN.PA,95.1182
2024-09-03,Sanofi,SAN.PA,94.3563
2024-09-04,Sanofi,SAN.PA,95.7532
2024-09-05,Sanofi,SAN.PA,95.1727
2024-09-06,Sanofi,SAN.PA,94.8280
2024-09-09,Sanofi,SAN.PA,95.9346
2024-09-10,Sanofi,SAN.PA,95.7713
2024-09-11,Sanofi,SAN.PA,94.8461
2024-09-12,Sanofi,SAN.PA,93.2496
2024-09-13,Sanofi,SAN.PA,93.7939
2024-09-16,Sanofi,SAN.PA,93.7213
2024-09-17,Sanofi,SAN.PA,93.3403
2024-09-18,Sanofi,SAN.PA,93.3948
2024-09-19,Sanofi,SAN.PA,94.4470
2024-09-20,Sanofi,SAN.PA,93.9209
2024-09-23,Sanofi,SAN.PA,93.5580
2024-09-24,Sanofi,SAN.PA,94.0479
2024-09-25,Sanofi,SAN.PA,92.9231
2024-09-26,Sanofi,SAN.PA,92.8142
2024-09-27,Sanofi,SAN.PA,93.4129
2024-09-30,Sanofi,SAN.PA,93.3403
2024-10-01,Sanofi,SAN.PA,94.2656
2024-10-02,Sanofi,SAN.PA,92.6872
2024-10-03,Sanofi,SAN.PA,90.9093
2024-10-04,Sanofi,SAN.PA,92.2700
2024-10-07,Sanofi,SAN.PA,91.4898
2024-10-08,Sanofi,SAN.PA,91.0000
2024-10-09,Sanofi,SAN.PA,91.7620
2024-10-10,Sanofi,SAN.PA,91.2540
2024-10-11,Sanofi,SAN.PA,90.8367
2024-10-14,Sanofi,SAN.PA,92.1430
2024-10-15,Sanofi,SAN.PA,91.3084
2024-10-16,Sanofi,SAN.PA,91.0544
2024-10-17,Sanofi,SAN.PA,91.6350
2024-10-18,Sanofi,SAN.PA,91.4536
2024-10-21,Sanofi,SAN.PA,90.5555
2024-10-22,Sanofi,SAN.PA,89.2040
2024-10-23,Sanofi,SAN.PA,89.4489
2024-10-24,Sanofi,SAN.PA,88.5327
2024-10-25,Sanofi,SAN.PA,90.7823
2024-10-28,Sanofi,SAN.PA,91.4173
2024-10-29,Sanofi,SAN.PA,90.7460
2024-10-30,Sanofi,SAN.PA,89.5396
2024-10-31,Sanofi,SAN.PA,88.0882
2024-11-01,Sanofi,SAN.PA,89.5305
2024-11-04,Sanofi,SAN.PA,88.6234
2024-11-05,Sanofi,SAN.PA,87.5530
2024-11-06,Sanofi,SAN.PA,86.7457
2024-11-07,Sanofi,SAN.PA,86.8364
2024-11-08,Sanofi,SAN.PA,86.8455
2024-11-11,Sanofi,SAN.PA,86.8183
2024-11-12,Sanofi,SAN.PA,85.9293
2024-11-13,Sanofi,SAN.PA,85.3034
2024-11-14,Sanofi,SAN.PA,85.6300
2024-11-15,Sanofi,SAN.PA,82.8271
2024-11-18,Sanofi,SAN.PA,82.9722
2024-11-19,Sanofi,SAN.PA,82.7364
2024-11-20,Sanofi,SAN.PA,82.3644
2024-11-21,Sanofi,SAN.PA,82.4279
2024-11-22,Sanofi,SAN.PA,84.5143
2024-11-25,Sanofi,SAN.PA,84.1696
2024-11-26,Sanofi,SAN.PA,83.1990
2024-11-27,Sanofi,SAN.PA,83.7342
2024-11-28,Sanofi,SAN.PA,83.5437
2024-11-29,Sanofi,SAN.PA,83.5346
2024-12-02,Sanofi,SAN.PA,83.2897
2024-12-03,Sanofi,SAN.PA,83.1536
2024-12-04,Sanofi,SAN.PA,82.8633
2024-12-05,Sanofi,SAN.PA,83.2715
2024-12-06,Sanofi,SAN.PA,83.6162
2024-12-09,Sanofi,SAN.PA,83.2897
2024-12-10,Sanofi,SAN.PA,83.2262
2024-12-11,Sanofi,SAN.PA,82.8089
2024-12-12,Sanofi,SAN.PA,82.2647
2024-12-13,Sanofi,SAN.PA,80.8859
2024-12-16,Sanofi,SAN.PA,80.5684
2024-12-17,Sanofi,SAN.PA,83.2171
2024-12-18,Sanofi,SAN.PA,83.2715
2024-12-19,Sanofi,SAN.PA,82.9994
2024-12-20,Sanofi,SAN.PA,82.7999
2024-12-23,Sanofi,SAN.PA,83.2534
2024-12-24,Sanofi,SAN.PA,83.2262
2024-12-27,Sanofi,SAN.PA,84.6141
2024-12-30,Sanofi,SAN.PA,84.4871
2024-12-31,Sanofi,SAN.PA,85.0313
2025-01-02,Sanofi,SAN.PA,85.5574
2025-01-03,Sanofi,SAN.PA,84.2421
2025-01-06,Sanofi,SAN.PA,85.8658
2025-01-07,Sanofi,SAN.PA,86.9453
2025-01-08,Sanofi,SAN.PA,86.7820
2025-01-09,Sanofi,SAN.PA,87.3535
2025-01-10,Sanofi,SAN.PA,86.7276
2025-01-13,Sanofi,SAN.PA,86.1470
2025-01-14,Sanofi,SAN.PA,84.5778
2025-01-15,Sanofi,SAN.PA,86.9181
2025-01-16,Sanofi,SAN.PA,88.7867
2025-01-17,Sanofi,SAN.PA,89.0679
2025-01-20,Sanofi,SAN.PA,89.6666
2025-01-21,Sanofi,SAN.PA,89.8208
2025-01-22,Sanofi,SAN.PA,89.6666
2025-01-23,Sanofi,SAN.PA,90.6100
2025-01-24,Sanofi,SAN.PA,90.8549
2025-01-27,Sanofi,SAN.PA,91.9252
2025-01-28,Sanofi,SAN.PA,92.2700
2025-01-29,Sanofi,SAN.PA,92.3969
2025-01-30,Sanofi,SAN.PA,93.9934
2025-01-31,Sanofi,SAN.PA,94.7010
2025-02-03,Sanofi,SAN.PA,94.7554
2025-02-04,Sanofi,SAN.PA,93.1408
2025-02-05,Sanofi,SAN.PA,93.9753
2025-02-06,Sanofi,SAN.PA,94.0842
2025-02-07,Sanofi,SAN.PA,93.7576
2025-02-10,Sanofi,SAN.PA,94.1567
2025-02-11,Sanofi,SAN.PA,94.0116
2025-02-12,Sanofi,SAN.PA,94.7917
2025-02-13,Sanofi,SAN.PA,95.5718
2025-02-14,Sanofi,SAN.PA,94.0660
2025-02-17,Sanofi,SAN.PA,94.3744
2025-02-18,Sanofi,SAN.PA,94.0479
2025-02-19,Sanofi,SAN.PA,93.5036
2025-02-20,Sanofi,SAN.PA,93.9572
2025-02-21,Sanofi,SAN.PA,94.4470
2025-02-24,Sanofi,SAN.PA,93.7757
2025-02-25,Sanofi,SAN.PA,94.4288
2025-02-26,Sanofi,SAN.PA,94.9731
2025-02-27,Sanofi,SAN.PA,95.1001
2025-02-28,Sanofi,SAN.PA,94.6647
2025-03-03,Sanofi,SAN.PA,97.6763
2025-03-04,Sanofi,SAN.PA,99.1458
2025-03-05,Sanofi,SAN.PA,98.6922
2025-03-06,Sanofi,SAN.PA,99.4360
2025-03-07,Sanofi,SAN.PA,99.4360
2025-03-10,Sanofi,SAN.PA,99.3090
2025-03-11,Sanofi,SAN.PA,97.4585
2025-03-12,Sanofi,SAN.PA,96.0979
2025-03-13,Sanofi,SAN.PA,96.3519
2025-03-14,Sanofi,SAN.PA,96.3519
2025-03-17,Sanofi,SAN.PA,97.5311
2025-03-18,Sanofi,SAN.PA,97.6400
2025-03-19,Sanofi,SAN.PA,97.9484
2025-03-20,Sanofi,SAN.PA,96.3337
2025-03-21,Sanofi,SAN.PA,96.0072
2025-03-24,Sanofi,SAN.PA,94.2293
2025-03-25,Sanofi,SAN.PA,94.0842
2025-03-26,Sanofi,SAN.PA,92.0341
2025-03-27,Sanofi,SAN.PA,92.3969
2025-03-28,Sanofi,SAN.PA,93.7939
2025-03-31,Sanofi,SAN.PA,92.4514
2025-04-01,Sanofi,SAN.PA,92.5421
2025-04-02,Sanofi,SAN.PA,91.0726
2025-04-03,Sanofi,SAN.PA,90.4558
2025-04-04,Sanofi,SAN.PA,87.0814
2025-04-07,Sanofi,SAN.PA,82.9178
2025-04-08,Sanofi,SAN.PA,84.5233
2025-04-09,Sanofi,SAN.PA,78.6998
2025-04-10,Sanofi,SAN.PA,80.7770
2025-04-11,Sanofi,SAN.PA,81.2941
2025-04-14,Sanofi,SAN.PA,83.3441
2025-04-15,Sanofi,SAN.PA,83.1083
2025-04-16,Sanofi,SAN.PA,81.9925
2025-04-17,Sanofi,SAN.PA,82.2828
2025-04-22,Sanofi,SAN.PA,82.6910
2025-04-23,Sanofi,SAN.PA,84.5778
2025-04-24,Sanofi,SAN.PA,84.6775
2025-04-25,Sanofi,SAN.PA,83.7795
2025-04-28,Sanofi,SAN.PA,84.4508
2025-04-29,Sanofi,SAN.PA,85.4758
2025-04-30,Sanofi,SAN.PA,86.9906
2025-05-02,Sanofi,SAN.PA,88.8230
2025-05-05,Sanofi,SAN.PA,87.0814
2025-05-06,Sanofi,SAN.PA,86.8999
2025-05-07,Sanofi,SAN.PA,83.1536
2025-05-08,Sanofi,SAN.PA,83.2353
2025-05-09,Sanofi,SAN.PA,84.2875
2025-05-12,Sanofi,SAN.PA,86.3142
2025-05-13,Sanofi,SAN.PA,84.9599
2025-05-14,Sanofi,SAN.PA,84.1360
2025-05-15,Sanofi,SAN.PA,85.1114
2025-05-16,Sanofi,SAN.PA,86.9298
2025-05-19,Sanofi,SAN.PA,87.3749
2025-05-20,Sanofi,SAN.PA,88.5682
2025-05-21,Sanofi,SAN.PA,88.7860
2025-05-22,Sanofi,SAN.PA,88.4640
2025-05-23,Sanofi,SAN.PA,87.2612
2025-05-26,Sanofi,SAN.PA,87.8768
2025-05-27,Sanofi,SAN.PA,87.8863
2025-05-28,Sanofi,SAN.PA,87.7158
2025-05-29,Sanofi,SAN.PA,87.1002
2025-05-30,Sanofi,SAN.PA,82.8859
2025-06-02,Sanofi,SAN.PA,81.3611
2025-06-03,Sanofi,SAN.PA,82.1756
2025-06-04,Sanofi,SAN.PA,82.5070
2025-06-05,Sanofi,SAN.PA,82.8574
2025-06-06,Sanofi,SAN.PA,83.7287
2025-06-09,Sanofi,SAN.PA,82.8385
2025-06-10,Sanofi,SAN.PA,82.9521
2025-06-11,Sanofi,SAN.PA,82.1188
2025-06-12,Sanofi,SAN.PA,83.0374
2025-06-13,Sanofi,SAN.PA,82.2040
2025-06-16,Sanofi,SAN.PA,81.3327
2025-06-17,Sanofi,SAN.PA,80.3572
2025-06-18,Sanofi,SAN.PA,78.4252
2025-06-19,Sanofi,SAN.PA,78.7188
2025-06-20,Sanofi,SAN.PA,78.8135
2025-06-23,Sanofi,SAN.PA,78.6715
2025-06-24,Sanofi,SAN.PA,79.2302
2025-06-25,Sanofi,SAN.PA,77.9044
2025-06-26,Sanofi,SAN.PA,77.9423
2025-06-27,Sanofi,SAN.PA,78.1222
2025-06-30,Sanofi,SAN.PA,77.8570
2025-07-01,Sanofi,SAN.PA,78.6715
2025-07-02,Sanofi,SAN.PA,79.1829
2025-07-03,Sanofi,SAN.PA,78.1033
2025-07-04,Sanofi,SAN.PA,78.8798
2025-07-07,Sanofi,SAN.PA,78.0748
2025-07-08,Sanofi,SAN.PA,78.9177
2025-07-09,Sanofi,SAN.PA,78.9082
2025-07-10,Sanofi,SAN.PA,79.7038
2025-07-11,Sanofi,SAN.PA,78.6336
2025-07-14,Sanofi,SAN.PA,79.1166
2025-07-15,Sanofi,SAN.PA,78.3211
2025-07-16,Sanofi,SAN.PA,78.7946
2025-07-17,Sanofi,SAN.PA,79.1166
2025-07-18,Sanofi,SAN.PA,78.7188
2025-07-21,Sanofi,SAN.PA,77.9423
2025-07-22,Sanofi,SAN.PA,78.1790
2025-07-23,Sanofi,SAN.PA,80.1678
2025-07-24,Sanofi,SAN.PA,80.7076
2025-07-25,Sanofi,SAN.PA,80.6035
2025-07-28,Sanofi,SAN.PA,80.9728
2025-07-29,Sanofi,SAN.PA,81.3043
2025-07-30,Sanofi,SAN.PA,80.9918
2025-07-31,Sanofi,SAN.PA,74.6655
2025-08-01,Sanofi,SAN.PA,76.0860
2025-08-04,Sanofi,SAN.PA,77.6581
2025-08-05,Sanofi,SAN.PA,77.6866
2025-08-06,Sanofi,SAN.PA,75.4515
2025-08-07,Sanofi,SAN.PA,76.5596
2025-08-08,Sanofi,SAN.PA,76.6448
2025-08-11,Sanofi,SAN.PA,77.0331
2025-08-12,Sanofi,SAN.PA,77.3267
2025-08-13,Sanofi,SAN.PA,78.7757
2025-08-14,Sanofi,SAN.PA,79.1166
2025-08-15,Sanofi,SAN.PA,80.4519
2025-08-18,Sanofi,SAN.PA,81.0486
2025-08-19,Sanofi,SAN.PA,81.9104
2025-08-20,Sanofi,SAN.PA,82.4218
2025-08-21,Sanofi,SAN.PA,82.8385
2025-08-22,Sanofi,SAN.PA,82.7154
2025-08-25,Sanofi,SAN.PA,81.6926
2025-08-26,Sanofi,SAN.PA,81.7115
2025-08-27,Sanofi,SAN.PA,81.9577
2025-08-28,Sanofi,SAN.PA,80.8402
2025-08-29,Sanofi,SAN.PA,80.0163
2025-09-01,Sanofi,SAN.PA,80.2057
2025-09-02,Sanofi,SAN.PA,80.0352
2025-09-03,Sanofi,SAN.PA,81.5600
2025-09-04,Sanofi,SAN.PA,74.7791
2025-09-05,Sanofi,SAN.PA,75.2905
2025-09-08,Sanofi,SAN.PA,74.9401
2025-09-09,Sanofi,SAN.PA,76.4933
2025-09-10,Sanofi,SAN.PA,76.0292
2025-09-11,Sanofi,SAN.PA,76.4649
2025-09-12,Sanofi,SAN.PA,76.4270
2025-09-15,Sanofi,SAN.PA,75.3000
2025-09-16,Sanofi,SAN.PA,74.6655
2025-09-17,Sanofi,SAN.PA,75.2337
2025-09-18,Sanofi,SAN.PA,75.9061
2025-09-19,Sanofi,SAN.PA,76.1997
2025-09-22,Sanofi,SAN.PA,75.9819
2025-09-23,Sanofi,SAN.PA,75.0632
2025-09-24,Sanofi,SAN.PA,75.2905
2025-09-25,Sanofi,SAN.PA,73.4154
2025-09-26,Sanofi,SAN.PA,74.1730
2025-09-29,Sanofi,SAN.PA,74.1351
2025-09-30,Sanofi,SAN.PA,74.3908
2025-10-01,Sanofi,SAN.PA,80.6698
2025-10-02,Sanofi,SAN.PA,80.5372
2025-10-03,Sanofi,SAN.PA,82.2040
2025-10-06,Sanofi,SAN.PA,81.2380
2025-10-07,Sanofi,SAN.PA,80.3478
2025-10-08,Sanofi,SAN.PA,80.1110
2025-10-09,Sanofi,SAN.PA,80.3288
2025-10-10,Sanofi,SAN.PA,78.9272
2025-10-13,Sanofi,SAN.PA,79.7038
2025-10-14,Sanofi,SAN.PA,79.4954
2025-10-15,Sanofi,SAN.PA,79.8174
2025-10-16,Sanofi,SAN.PA,81.7589
2025-10-17,Sanofi,SAN.PA,81.8536
2025-10-20,Sanofi,SAN.PA,81.9956
2025-10-21,Sanofi,SAN.PA,81.7210
2025-10-22,Sanofi,SAN.PA,82.1282
2025-10-23,Sanofi,SAN.PA,82.0240
2025-10-24,Sanofi,SAN.PA,84.0886
2025-10-27,Sanofi,SAN.PA,83.4636
2025-10-28,Sanofi,SAN.PA,82.6302
2025-10-29,Sanofi,SAN.PA,83.2647
2025-10-30,Sanofi,SAN.PA,83.4067
2025-10-31,Sanofi,SAN.PA,82.9616
2025-11-03,Sanofi,SAN.PA,82.3366
2025-11-04,Sanofi,SAN.PA,81.7399
2025-11-05,Sanofi,SAN.PA,80.7171
2025-11-06,Sanofi,SAN.PA,81.0770
2025-11-07,Sanofi,SAN.PA,80.9160
2025-11-10,Sanofi,SAN.PA,82.2135
2025-11-11,Sanofi,SAN.PA,84.3349
2025-11-12,Sanofi,SAN.PA,85.3577
2025-11-13,Sanofi,SAN.PA,85.6513
2025-11-14,Sanofi,SAN.PA,84.8463
2025-11-17,Sanofi,SAN.PA,85.1304
2025-11-18,Sanofi,SAN.PA,82.9427
2025-11-19,Sanofi,SAN.PA,81.3895
2025-11-20,Sanofi,SAN.PA,80.8024
2025-11-21,Sanofi,SAN.PA,81.7494
2025-11-24,Sanofi,SAN.PA,81.3990
2025-11-25,Sanofi,SAN.PA,81.8157
2025-11-26,Sanofi,SAN.PA,81.6642
2025-11-27,Sanofi,SAN.PA,81.3422
2025-11-28,Sanofi,SAN.PA,81.2191
2025-12-01,Sanofi,SAN.PA,82.0051
2025-12-02,Sanofi,SAN.PA,81.5884
2025-12-03,Sanofi,SAN.PA,81.1054
2025-12-04,Sanofi,SAN.PA,80.0921
2025-12-05,Sanofi,SAN.PA,80.4993
2025-12-08,Sanofi,SAN.PA,79.1734
2025-12-09,Sanofi,SAN.PA,78.8230
2025-12-10,Sanofi,SAN.PA,78.3021
2025-12-11,Sanofi,SAN.PA,79.2113
2025-12-12,Sanofi,SAN.PA,78.9082
2025-12-15,Sanofi,SAN.PA,76.3323
2025-12-16,Sanofi,SAN.PA,76.6543
2025-12-17,Sanofi,SAN.PA,77.7718
2025-12-18,Sanofi,SAN.PA,77.7528
2025-12-19,Sanofi,SAN.PA,78.0180
2025-12-22,Sanofi,SAN.PA,77.2604
2025-12-23,Sanofi,SAN.PA,77.8665
2025-12-24,Sanofi,SAN.PA,77.2888
2025-12-29,Sanofi,SAN.PA,77.8854
2025-12-30,Sanofi,SAN.PA,78.6052
2025-12-31,Sanofi,SAN.PA,78.3400
2026-01-02,Sanofi,SAN.PA,77.9612
2026-01-05,Sanofi,SAN.PA,76.8910
2026-01-06,Sanofi,SAN.PA,77.9328
2026-01-07,Sanofi,SAN.PA,78.3684
2026-01-08,Sanofi,SAN.PA,78.5010
2026-01-09,Sanofi,SAN.PA,79.9689
2026-01-12,Sanofi,SAN.PA,78.0464
2026-01-13,Sanofi,SAN.PA,76.2376
2026-01-14,Sanofi,SAN.PA,78.1790
2026-01-15,Sanofi,SAN.PA,77.3077
2026-01-16,Sanofi,SAN.PA,76.5027
2026-01-19,Sanofi,SAN.PA,74.8075
2026-01-20,Sanofi,SAN.PA,73.8984
2026-01-21,Sanofi,SAN.PA,74.2488
2026-01-22,Sanofi,SAN.PA,75.5368
2026-01-23,Sanofi,SAN.PA,75.1106
2026-01-26,Sanofi,SAN.PA,75.6504
2026-01-27,Sanofi,SAN.PA,75.5273
2026-01-28,Sanofi,SAN.PA,73.4343
2026-01-29,Sanofi,SAN.PA,72.9987
2026-01-30,Sanofi,SAN.PA,75.0064
2026-02-02,Sanofi,SAN.PA,76.1902
2026-02-03,Sanofi,SAN.PA,76.7869
2026-02-04,Sanofi,SAN.PA,77.5066
2026-02-05,Sanofi,SAN.PA,76.7963
2026-02-06,Sanofi,SAN.PA,76.1050
2026-02-09,Sanofi,SAN.PA,76.0387
2026-02-10,Sanofi,SAN.PA,77.8475
2026-02-11,Sanofi,SAN.PA,78.1885
2026-02-12,Sanofi,SAN.PA,74.9117
2026-02-13,Sanofi,SAN.PA,73.5101
2026-02-16,Sanofi,SAN.PA,73.2733
2026-02-17,Sanofi,SAN.PA,73.9931
2026-02-18,Sanofi,SAN.PA,73.6048
2026-02-19,Sanofi,SAN.PA,74.8170
2026-02-20,Sanofi,SAN.PA,75.3663
2026-02-23,Sanofi,SAN.PA,76.4838
2026-02-24,Sanofi,SAN.PA,76.3417
2026-02-25,Sanofi,SAN.PA,76.5122
2026-02-26,Sanofi,SAN.PA,76.5974
2026-02-27,Sanofi,SAN.PA,77.8475
2026-03-02,Sanofi,SAN.PA,77.1373
2026-03-03,Sanofi,SAN.PA,75.6315
2026-03-04,Sanofi,SAN.PA,75.0348
2026-03-05,Sanofi,SAN.PA,73.6142
2026-03-06,Sanofi,SAN.PA,72.3452
2026-03-09,Sanofi,SAN.PA,71.7959
2026-03-10,Sanofi,SAN.PA,72.2694
2026-03-11,Sanofi,SAN.PA,72.2126
2026-03-12,Sanofi,SAN.PA,72.4683
2026-03-13,Sanofi,SAN.PA,72.3452
2026-03-16,Sanofi,SAN.PA,72.4588
2026-03-17,Sanofi,SAN.PA,72.8187
2026-03-18,Sanofi,SAN.PA,72.0895
2026-03-19,Sanofi,SAN.PA,74.0120
2026-03-20,Sanofi,SAN.PA,73.6711
2026-03-23,Sanofi,SAN.PA,72.7619
2026-03-24,Sanofi,SAN.PA,73.6521
2026-03-25,Sanofi,SAN.PA,75.8209
2026-03-26,Sanofi,SAN.PA,76.8531
2026-03-27,Sanofi,SAN.PA,77.6487
2026-03-30,Sanofi,SAN.PA,77.5634
2026-03-31,Sanofi,SAN.PA,78.3400
2026-04-01,Sanofi,SAN.PA,78.4821
2026-04-02,Sanofi,SAN.PA,78.2074
2026-04-07,Sanofi,SAN.PA,76.2470
2026-04-08,Sanofi,SAN.PA,76.5880
2026-04-09,Sanofi,SAN.PA,76.6353
2026-04-10,Sanofi,SAN.PA,75.9440
2026-04-13,Sanofi,SAN.PA,75.2053
2026-04-14,Sanofi,SAN.PA,76.7300
2026-04-15,Sanofi,SAN.PA,76.8153
2026-04-16,Sanofi,SAN.PA,76.5690
2026-04-17,Sanofi,SAN.PA,77.6771
2026-04-20,Sanofi,SAN.PA,77.6866
2026-04-21,Sanofi,SAN.PA,76.7300
2026-04-22,Sanofi,SAN.PA,76.5027
2026-04-23,Sanofi,SAN.PA,77.4309
2026-04-24,Sanofi,SAN.PA,75.8398
2026-04-27,Sanofi,SAN.PA,74.7223
2026-04-28,Sanofi,SAN.PA,74.7128
2026-04-29,Sanofi,SAN.PA,74.1730
2026-04-30,Sanofi,SAN.PA,75.5936
2026-05-04,Sanofi,SAN.PA,73.6900
2026-05-05,Sanofi,SAN.PA,74.1600
2026-05-06,Sanofi,SAN.PA,74.6400
2026-05-07,Sanofi,SAN.PA,73.7400
2026-05-08,Sanofi,SAN.PA,73.1000
2026-05-11,Sanofi,SAN.PA,73.2200
2026-05-12,Sanofi,SAN.PA,73.3600
2026-05-13,Sanofi,SAN.PA,72.7200
2026-05-14,Sanofi,SAN.PA,73.2400
2026-05-15,Sanofi,SAN.PA,73.9600
2026-05-18,Sanofi,SAN.PA,74.3400
2026-05-19,Sanofi,SAN.PA,75.2000
2026-05-20,Sanofi,SAN.PA,76.6700
2026-05-21,Sanofi,SAN.PA,77.5400
2026-05-22,Sanofi,SAN.PA,76.8800
2026-05-25,Sanofi,SAN.PA,77.4600
2026-05-26,Sanofi,SAN.PA,76.3200
2026-05-27,Sanofi,SAN.PA,77.1400
2026-05-28,Sanofi,SAN.PA,76.3600
2026-05-29,Sanofi,SAN.PA,75.2900
2026-06-01,Sanofi,SAN.PA,74.1600
2026-06-02,Sanofi,SAN.PA,73.4200
2026-06-03,Sanofi,SAN.PA,73.5200
2026-06-04,Sanofi,SAN.PA,76.4400
2026-06-05,Sanofi,SAN.PA,77.9500
2026-06-08,Sanofi,SAN.PA,76.6700
2026-06-09,Sanofi,SAN.PA,77.0400
2026-06-10,Sanofi,SAN.PA,76.0100
2026-06-11,Sanofi,SAN.PA,76.3000
2026-06-12,Sanofi,SAN.PA,76.5900
2026-06-15,Sanofi,SAN.PA,75.5400
2026-06-16,Sanofi,SAN.PA,75.6600
2026-06-17,Sanofi,SAN.PA,74.8800
2026-06-18,Sanofi,SAN.PA,73.3400
2026-06-19,Sanofi,SAN.PA,74.1400
2026-06-22,Sanofi,SAN.PA,72.4900
2026-06-23,Sanofi,SAN.PA,73.4700
2026-06-24,Sanofi,SAN.PA,73.5500
2026-06-25,Sanofi,SAN.PA,73.7600
2026-06-26,Sanofi,SAN.PA,75.0700
2026-06-29,Sanofi,SAN.PA,75.5000
2026-06-30,Sanofi,SAN.PA,75.0800
2026-07-01,Sanofi,SAN.PA,73.0500
2026-07-02,Sanofi,SAN.PA,75.2500
2026-07-03,Sanofi,SAN.PA,75.8100
2026-07-06,Sanofi,SAN.PA,74.5100
2026-07-07,Sanofi,SAN.PA,75.7800
2026-07-08,Sanofi,SAN.PA,75.3700
2026-07-09,Sanofi,SAN.PA,76.4800
2026-07-10,Sanofi,SAN.PA,76.2300
2026-07-13,Sanofi,SAN.PA,77.1000
2026-07-14,Sanofi,SAN.PA,75.5000
2026-07-15,Sanofi,SAN.PA,76.2600
2026-07-16,Sanofi,SAN.PA,76.9400
2026-07-17,Sanofi,SAN.PA,77.3400
2026-07-20,Sanofi,SAN.PA,76.9100
2026-07-21,Sanofi,SAN.PA,76.7500
2026-07-22,Sanofi,SAN.PA,76.8400
2026-07-23,Sanofi,SAN.PA,76.3600
2026-07-24,Sanofi,SAN.PA,76.0300
2026-07-27,Sanofi,SAN.PA,77.7900
2026-07-28,Sanofi,SAN.PA,79.3800
2026-07-29,Sanofi,SAN.PA,79.9200
2026-07-30,Sanofi,SAN.PA,72.7700
2026-07-31,Sanofi,SAN.PA,74.4700
2026-08-03,Sanofi,SAN.PA,74.5000
2026-08-04,Sanofi,SAN.PA,74.3900
2026-08-05,Sanofi,SAN.PA,74.5000
2026-08-06,Sanofi,SAN.PA,74.3100
2026-08-07,Sanofi,SAN.PA,75.3100
2026-08-10,Sanofi,SAN.PA,75.5300
2026-08-11,Sanofi,SAN.PA,75.4000
2026-08-12,Sanofi,SAN.PA,75.4200
2026-08-13,Sanofi,SAN.PA,76.4300
2026-08-14,Sanofi,SAN.PA,75.5200
2026-08-17,Sanofi,SAN.PA,76.6600
2026-08-18,Sanofi,SAN.PA,77.6700
2026-08-19,Sanofi,SAN.PA,78.5600
2026-08-20,Sanofi,SAN.PA,77.7900
2026-08-21,Sanofi,SAN.PA,78.9400
2026-08-24,Sanofi,SAN.PA,78.2800
2026-08-25,Sanofi,SAN.PA,78.7400
2026-08-26,Sanofi,SAN.PA,78.2900
2026-08-27,Sanofi,SAN.PA,77.2800
2026-08-28,Sanofi,SAN.PA,77.2500
2026-08-31,Sanofi,SAN.PA,76.8100
2026-09-01,Sanofi,SAN.PA,76.8600
2026-09-02,Sanofi,SAN.PA,77.1600
2026-09-03,Sanofi,SAN.PA,76.2700
2026-09-04,Sanofi,SAN.PA,76.2600
2026-09-07,Sanofi,SAN.PA,75.6900
2026-09-08,Sanofi,SAN.PA,74.7000
2026-09-09,Sanofi,SAN.PA,74.2400
2026-09-10,Sanofi,SAN.PA,73.5700
2026-09-11,Sanofi,SAN.PA,73.2600
2026-09-14,Sanofi,SAN.PA,75.4300
2026-09-15,Sanofi,SAN.PA,74.2100
2026-09-16,Sanofi,SAN.PA,74.3500
2026-09-17,Sanofi,SAN.PA,75.2600
2026-09-18,Sanofi,SAN.PA,74.0500
2026-09-21,Sanofi,SAN.PA,74.5900
2026-09-22,Sanofi,SAN.PA,74.3900
2026-09-23,Sanofi,SAN.PA,73.1100
2026-09-24,Sanofi,SAN.PA,72.1000
2026-09-25,Sanofi,SAN.PA,71.7900
2024-02-01,US0378331005,AAPL,170.8725
2024-02-02,US0378331005,AAPL,168.8436
2024-02-05,US0378331005,AAPL,172.0025
2024-02-06,US0378331005,AAPL,174.1043
2024-02-07,US0378331005,AAPL,173.9566
2024-02-08,US0378331005,AAPL,172.6579
2024-02-09,US0378331005,AAPL,173.3405
2024-02-12,US0378331005,AAPL,171.4468
2024-02-13,US0378331005,AAPL,169.9220
2024-02-14,US0378331005,AAPL,170.1048
2024-02-15,US0378331005,AAPL,169.4696
2024-02-16,US0378331005,AAPL,167.3899
2024-02-20,US0378331005,AAPL,166.6779
2024-02-21,US0378331005,AAPL,166.7912
2024-02-22,US0378331005,AAPL,168.5536
2024-02-23,US0378331005,AAPL,166.7810
2024-02-26,US0378331005,AAPL,165.6243
2024-02-27,US0378331005,AAPL,166.4931
2024-02-28,US0378331005,AAPL,165.4833
2024-02-29,US0378331005,AAPL,164.9634
2024-03-01,US0378331005,AAPL,164.4822
2024-03-04,US0378331005,AAPL,159.7497
2024-03-05,US0378331005,AAPL,155.0279
2024-03-06,US0378331005,AAPL,154.1049
2024-03-07,US0378331005,AAPL,153.3803
2024-03-08,US0378331005,AAPL,154.2343
2024-03-11,US0378331005,AAPL,156.1617
2024-03-12,US0378331005,AAPL,156.7618
2024-03-13,US0378331005,AAPL,154.9122
2024-03-14,US0378331005,AAPL,156.2114
2024-03-15,US0378331005,AAPL,156.8980
2024-03-18,US0378331005,AAPL,157.9098
2024-03-19,US0378331005,AAPL,160.1822
2024-03-20,US0378331005,AAPL,162.6974
2024-03-21,US0378331005,AAPL,154.9956
2024-03-22,US0378331005,AAPL,156.8923
2024-03-25,US0378331005,AAPL,156.3793
2024-03-26,US0378331005,AAPL,154.8960
2024-03-27,US0378331005,AAPL,158.2675
2024-03-28,US0378331005,AAPL,156.8711
2024-04-01,US0378331005,AAPL,155.8423
2024-04-02,US0378331005,AAPL,155.5517
2024-04-03,US0378331005,AAPL,155.8431
2024-04-04,US0378331005,AAPL,154.0820
2024-04-05,US0378331005,AAPL,154.7941
2024-04-08,US0378331005,AAPL,153.8560
2024-04-09,US0378331005,AAPL,154.4969
2024-04-10,US0378331005,AAPL,152.8374
2024-04-11,US0378331005,AAPL,161.1962
2024-04-12,US0378331005,AAPL,162.8120
2024-04-15,US0378331005,AAPL,160.4072
2024-04-16,US0378331005,AAPL,157.6862
2024-04-17,US0378331005,AAPL,156.4646
2024-04-18,US0378331005,AAPL,154.8715
2024-04-19,US0378331005,AAPL,153.3425
2024-04-22,US0378331005,AAPL,153.9198
2024-04-23,US0378331005,AAPL,154.9646
2024-04-24,US0378331005,AAPL,156.1957
2024-04-25,US0378331005,AAPL,157.0652
2024-04-26,US0378331005,AAPL,156.0860
2024-04-29,US0378331005,AAPL,160.2980
2024-04-30,US0378331005,AAPL,157.2395
2024-05-01,US0378331005,AAPL,157.0088
2024-05-02,US0378331005,AAPL,159.6447
2024-05-03,US0378331005,AAPL,169.0126
2024-05-06,US0378331005,AAPL,167.0834
2024-05-07,US0378331005,AAPL,167.5717
2024-05-08,US0378331005,AAPL,168.1498
2024-05-09,US0378331005,AAPL,169.8903
2024-05-10,US0378331005,AAPL,168.1214
2024-05-13,US0378331005,AAPL,171.3223
2024-05-14,US0378331005,AAPL,172.0105
2024-05-15,US0378331005,AAPL,173.7738
2024-05-16,US0378331005,AAPL,172.6821
2024-05-17,US0378331005,AAPL,173.0592
2024-05-20,US0378331005,AAPL,174.0026
2024-05-21,US0378331005,AAPL,175.4320
2024-05-22,US0378331005,AAPL,174.2004
2024-05-23,US0378331005,AAPL,171.0041
2024-05-24,US0378331005,AAPL,174.0420
2024-05-28,US0378331005,AAPL,173.2627
2024-05-29,US0378331005,AAPL,173.6965
2024-05-30,US0378331005,AAPL,175.4184
2024-05-31,US0378331005,AAPL,175.7522
2024-06-03,US0378331005,AAPL,177.0911
2024-06-04,US0378331005,AAPL,176.4996
2024-06-05,US0378331005,AAPL,178.2971
2024-06-06,US0378331005,AAPL,177.1512
2024-06-07,US0378331005,AAPL,179.0189
2024-06-10,US0378331005,AAPL,177.4734
2024-06-11,US0378331005,AAPL,190.6253
2024-06-12,US0378331005,AAPL,196.5099
2024-06-13,US0378331005,AAPL,196.2584
2024-06-14,US0378331005,AAPL,196.0023
2024-06-17,US0378331005,AAPL,200.5426
2024-06-18,US0378331005,AAPL,197.6287
2024-06-20,US0378331005,AAPL,193.1819
2024-06-21,US0378331005,AAPL,191.9699
2024-06-24,US0378331005,AAPL,192.9073
2024-06-25,US0378331005,AAPL,192.9575
2024-06-26,US0378331005,AAPL,197.2399
2024-06-27,US0378331005,AAPL,198.5733
2024-06-28,US0378331005,AAPL,194.8282
2024-07-01,US0378331005,AAPL,199.9983
2024-07-02,US0378331005,AAPL,203.2114
2024-07-03,US0378331005,AAPL,204.1772
2024-07-05,US0378331005,AAPL,207.3898
2024-07-08,US0378331005,AAPL,208.4503
2024-07-09,US0378331005,AAPL,209.1420
2024-07-10,US0378331005,AAPL,213.3931
2024-07-11,US0378331005,AAPL,208.0818
2024-07-12,US0378331005,AAPL,210.0324
2024-07-15,US0378331005,AAPL,213.2983
2024-07-16,US0378331005,AAPL,213.3665
2024-07-17,US0378331005,AAPL,207.9511
2024-07-18,US0378331005,AAPL,202.9791
2024-07-19,US0378331005,AAPL,203.8167
2024-07-22,US0378331005,AAPL,203.5431
2024-07-23,US0378331005,AAPL,204.6734
2024-07-24,US0378331005,AAPL,199.5047
2024-07-25,US0378331005,AAPL,198.7508
2024-07-26,US0378331005,AAPL,198.9645
2024-07-29,US0378331005,AAPL,199.1746
2024-07-30,US0378331005,AAPL,200.3186
2024-07-31,US0378331005,AAPL,203.3853
2024-08-01,US0378331005,AAPL,199.8336
2024-08-02,US0378331005,AAPL,201.8836
2024-08-05,US0378331005,AAPL,189.9891
2024-08-06,US0378331005,AAPL,187.4473
2024-08-07,US0378331005,AAPL,190.2203
2024-08-08,US0378331005,AAPL,193.3505
2024-08-09,US0378331005,AAPL,196.2291
2024-08-12,US0378331005,AAPL,197.6627
2024-08-13,US0378331005,AAPL,200.6486
2024-08-14,US0378331005,AAPL,199.9463
2024-08-15,US0378331005,AAPL,202.3530
2024-08-16,US0378331005,AAPL,204.3016
2024-08-19,US0378331005,AAPL,203.1893
2024-08-20,US0378331005,AAPL,202.6171
2024-08-21,US0378331005,AAPL,201.7643
2024-08-22,US0378331005,AAPL,199.6057
2024-08-23,US0378331005,AAPL,202.3521
2024-08-26,US0378331005,AAPL,201.3735
2024-08-27,US0378331005,AAPL,202.5476
2024-08-28,US0378331005,AAPL,200.9416
2024-08-29,US0378331005,AAPL,204.8401
2024-08-30,US0378331005,AAPL,204.9557
2024-09-03,US0378331005,AAPL,199.6140
2024-09-04,US0378331005,AAPL,198.2265
2024-09-05,US0378331005,AAPL,199.0308
2024-09-06,US0378331005,AAPL,197.0893
2024-09-09,US0378331005,AAPL,197.5947
2024-09-10,US0378331005,AAPL,197.7653
2024-09-11,US0378331005,AAPL,200.3568
2024-09-12,US0378331005,AAPL,200.6391
2024-09-13,US0378331005,AAPL,199.1845
2024-09-16,US0378331005,AAPL,193.4676
2024-09-17,US0378331005,AAPL,193.1721
2024-09-18,US0378331005,AAPL,196.7610
2024-09-19,US0378331005,AAPL,204.2061
2024-09-20,US0378331005,AAPL,202.7484
2024-09-23,US0378331005,AAPL,201.2315
2024-09-24,US0378331005,AAPL,202.9241
2024-09-25,US0378331005,AAPL,200.5971
2024-09-26,US0378331005,AAPL,202.7060
2024-09-27,US0378331005,AAPL,202.1085
2024-09-30,US0378331005,AAPL,206.8674
2024-10-01,US0378331005,AAPL,201.4379
2024-10-02,US0378331005,AAPL,203.2724
2024-10-03,US0378331005,AAPL,202.5595
2024-10-04,US0378331005,AAPL,203.8122
2024-10-07,US0378331005,AAPL,200.3282
2024-10-08,US0378331005,AAPL,203.9926
2024-10-09,US0378331005,AAPL,207.3990
2024-10-10,US0378331005,AAPL,207.5605
2024-10-11,US0378331005,AAPL,206.3885
2024-10-14,US0378331005,AAPL,209.9526
2024-10-15,US0378331005,AAPL,212.5827
2024-10-16,US0378331005,AAPL,211.1859
2024-10-17,US0378331005,AAPL,211.9443
2024-10-18,US0378331005,AAPL,215.1988
2024-10-21,US0378331005,AAPL,215.7755
2024-10-22,US0378331005,AAPL,216.2202
2024-10-23,US0378331005,AAPL,211.9477
2024-10-24,US0378331005,AAPL,212.1025
2024-10-25,US0378331005,AAPL,212.0169
2024-10-28,US0378331005,AAPL,214.3864
2024-10-29,US0378331005,AAPL,214.2335
2024-10-30,US0378331005,AAPL,210.8851
2024-10-31,US0378331005,AAPL,206.3102
2024-11-01,US0378331005,AAPL,203.0665
2024-11-04,US0378331005,AAPL,202.4623
2024-11-05,US0378331005,AAPL,203.7844
2024-11-06,US0378331005,AAPL,201.9966
2024-11-07,US0378331005,AAPL,210.1849
2024-11-08,US0378331005,AAPL,208.7274
2024-11-11,US0378331005,AAPL,207.7616
2024-11-12,US0378331005,AAPL,208.7456
2024-11-13,US0378331005,AAPL,210.5151
2024-11-14,US0378331005,AAPL,214.4766
2024-11-15,US0378331005,AAPL,212.1340
2024-11-18,US0378331005,AAPL,214.9066
2024-11-19,US0378331005,AAPL,213.9097
2024-11-20,US0378331005,AAPL,214.3275
2024-11-21,US0378331005,AAPL,215.1238
2024-11-22,US0378331005,AAPL,217.9830
2024-11-25,US0378331005,AAPL,220.6059
2024-11-26,US0378331005,AAPL,223.4391
2024-11-27,US0378331005,AAPL,222.3172
2024-11-29,US0378331005,AAPL,223.0615
2024-12-02,US0378331005,AAPL,225.5686
2024-12-03,US0378331005,AAPL,229.4035
2024-12-04,US0378331005,AAPL,229.5340
2024-12-05,US0378331005,AAPL,229.4899
2024-12-06,US0378331005,AAPL,227.7533
2024-12-09,US0378331005,AAPL,231.8613
2024-12-10,US0378331005,AAPL,233.0461
2024-12-11,US0378331005,AAPL,232.3316
2024-12-12,US0378331005,AAPL,234.2981
2024-12-13,US0378331005,AAPL,235.1928
2024-12-16,US0378331005,AAPL,237.1361
2024-12-17,US0378331005,AAPL,239.2749
2024-12-18,US0378331005,AAPL,234.6467
2024-12-19,US0378331005,AAPL,239.5983
2024-12-20,US0378331005,AAPL,243.7604
2024-12-23,US0378331005,AAPL,242.9109
2024-12-24,US0378331005,AAPL,246.3425
2024-12-26,US0378331005,AAPL,247.2740
2024-12-27,US0378331005,AAPL,243.4463
2024-12-30,US0378331005,AAPL,240.0747
2024-12-31,US0378331005,AAPL,238.9123
2025-01-02,US0378331005,AAPL,233.8644
2025-01-03,US0378331005,AAPL,235.2959
2025-01-06,US0378331005,AAPL,236.0278
2025-01-07,US0378331005,AAPL,231.5197
2025-01-08,US0378331005,AAPL,232.9036
2025-01-10,US0378331005,AAPL,228.3479
2025-01-13,US0378331005,AAPL,227.1587
2025-01-14,US0378331005,AAPL,225.6148
2025-01-15,US0378331005,AAPL,229.1258
2025-01-16,US0378331005,AAPL,220.1161
2025-01-17,US0378331005,AAPL,221.6309
2025-01-21,US0378331005,AAPL,212.1127
2025-01-22,US0378331005,AAPL,213.5487
2025-01-23,US0378331005,AAPL,213.2999
2025-01-24,US0378331005,AAPL,212.3412
2025-01-27,US0378331005,AAPL,218.0101
2025-01-28,US0378331005,AAPL,226.4643
2025-01-29,US0378331005,AAPL,227.8592
2025-01-30,US0378331005,AAPL,226.2568
2025-01-31,US0378331005,AAPL,225.3471
2025-02-03,US0378331005,AAPL,220.8937
2025-02-04,US0378331005,AAPL,223.7961
2025-02-05,US0378331005,AAPL,222.5003
2025-02-06,US0378331005,AAPL,222.6162
2025-02-07,US0378331005,AAPL,217.5967
2025-02-10,US0378331005,AAPL,219.4208
2025-02-11,US0378331005,AAPL,224.4308
2025-02-12,US0378331005,AAPL,227.1328
2025-02-13,US0378331005,AAPL,230.9986
2025-02-14,US0378331005,AAPL,232.3765
2025-02-18,US0378331005,AAPL,231.7282
2025-02-19,US0378331005,AAPL,232.9299
2025-02-20,US0378331005,AAPL,234.4564
2025-02-21,US0378331005,AAPL,232.4151
2025-02-24,US0378331005,AAPL,234.4569
2025-02-25,US0378331005,AAPL,234.7019
2025-02-26,US0378331005,AAPL,226.9939
2025-02-27,US0378331005,AAPL,224.8588
2025-02-28,US0378331005,AAPL,231.2255
2025-03-03,US0378331005,AAPL,227.1734
2025-03-04,US0378331005,AAPL,223.6403
2025-03-05,US0378331005,AAPL,220.4752
2025-03-06,US0378331005,AAPL,216.6676
2025-03-07,US0378331005,AAPL,220.2536
2025-03-10,US0378331005,AAPL,208.1741
2025-03-11,US0378331005,AAPL,202.4927
2025-03-12,US0378331005,AAPL,197.5904
2025-03-13,US0378331005,AAPL,191.4325
2025-03-14,US0378331005,AAPL,195.4605
2025-03-17,US0378331005,AAPL,195.4659
2025-03-18,US0378331005,AAPL,193.5950
2025-03-19,US0378331005,AAPL,195.5524
2025-03-20,US0378331005,AAPL,195.0082
2025-03-21,US0378331005,AAPL,199.8173
2025-03-24,US0378331005,AAPL,202.4598
2025-03-25,US0378331005,AAPL,205.8414
2025-03-26,US0378331005,AAPL,204.1029
2025-03-27,US0378331005,AAPL,207.1126
2025-03-28,US0378331005,AAPL,200.5073
2025-03-31,US0378331005,AAPL,203.9669
2025-04-01,US0378331005,AAPL,205.0356
2025-04-02,US0378331005,AAPL,206.1148
2025-04-03,US0378331005,AAPL,185.1256
2025-04-04,US0378331005,AAPL,169.5335
2025-04-07,US0378331005,AAPL,164.1859
2025-04-08,US0378331005,AAPL,156.9952
2025-04-09,US0378331005,AAPL,179.9876
2025-04-10,US0378331005,AAPL,172.8039
2025-04-11,US0378331005,AAPL,174.9347
2025-04-14,US0378331005,AAPL,177.4482
2025-04-15,US0378331005,AAPL,177.1695
2025-04-16,US0378331005,AAPL,170.9803
2025-04-17,US0378331005,AAPL,171.7815
2025-04-21,US0378331005,AAPL,168.4502
2025-04-22,US0378331005,AAPL,172.4336
2025-04-23,US0378331005,AAPL,179.1426
2025-04-24,US0378331005,AAPL,182.8287
2025-04-25,US0378331005,AAPL,182.9074
2025-04-28,US0378331005,AAPL,184.1248
2025-04-29,US0378331005,AAPL,183.9918
2025-04-30,US0378331005,AAPL,185.4387
2025-05-01,US0378331005,AAPL,187.2122
2025-05-02,US0378331005,AAPL,180.6707
2025-05-05,US0378331005,AAPL,174.5739
2025-05-06,US0378331005,AAPL,174.3923
2025-05-07,US0378331005,AAPL,171.9602
2025-05-08,US0378331005,AAPL,173.6062
2025-05-09,US0378331005,AAPL,175.7950
2025-05-12,US0378331005,AAPL,186.8057
2025-05-13,US0378331005,AAPL,190.9822
2025-05-14,US0378331005,AAPL,188.9121
2025-05-15,US0378331005,AAPL,188.1902
2025-05-16,US0378331005,AAPL,187.8403
2025-05-19,US0378331005,AAPL,185.7204
2025-05-20,US0378331005,AAPL,183.2611
2025-05-21,US0378331005,AAPL,178.1704
2025-05-22,US0378331005,AAPL,176.8495
2025-05-23,US0378331005,AAPL,172.2509
2025-05-27,US0378331005,AAPL,174.9548
2025-05-28,US0378331005,AAPL,175.9322
2025-05-29,US0378331005,AAPL,177.1354
2025-05-30,US0378331005,AAPL,175.6700
2025-06-02,US0378331005,AAPL,176.8028
2025-06-03,US0378331005,AAPL,176.6214
2025-06-04,US0378331005,AAPL,177.2982
2025-06-05,US0378331005,AAPL,174.8067
2025-06-06,US0378331005,AAPL,177.1801
2025-06-09,US0378331005,AAPL,175.7397
2025-06-10,US0378331005,AAPL,176.4914
2025-06-11,US0378331005,AAPL,172.9614
2025-06-12,US0378331005,AAPL,172.2444
2025-06-13,US0378331005,AAPL,168.5352
2025-06-16,US0378331005,AAPL,170.8670
2025-06-17,US0378331005,AAPL,168.5509
2025-06-18,US0378331005,AAPL,170.3742
2025-06-20,US0378331005,AAPL,173.7489
2025-06-23,US0378331005,AAPL,174.3615
2025-06-24,US0378331005,AAPL,171.8560
2025-06-25,US0378331005,AAPL,172.7405
2025-06-26,US0378331005,AAPL,171.2064
2025-06-27,US0378331005,AAPL,171.1505
2025-06-30,US0378331005,AAPL,174.1070
2025-07-01,US0378331005,AAPL,175.4623
2025-07-02,US0378331005,AAPL,179.0839
2025-07-03,US0378331005,AAPL,180.1004
2025-07-07,US0378331005,AAPL,177.3568
2025-07-08,US0378331005,AAPL,178.0763
2025-07-09,US0378331005,AAPL,179.2172
2025-07-10,US0378331005,AAPL,180.1938
2025-07-11,US0378331005,AAPL,179.5684
2025-07-14,US0378331005,AAPL,177.7219
2025-07-15,US0378331005,AAPL,178.3807
2025-07-16,US0378331005,AAPL,180.1862
2025-07-17,US0378331005,AAPL,179.6272
2025-07-18,US0378331005,AAPL,180.9346
2025-07-21,US0378331005,AAPL,181.8095
2025-07-22,US0378331005,AAPL,182.4516
2025-07-23,US0378331005,AAPL,181.5462
2025-07-24,US0378331005,AAPL,180.6753
2025-07-25,US0378331005,AAPL,181.0555
2025-07-28,US0378331005,AAPL,181.1888
2025-07-29,US0378331005,AAPL,181.3040
2025-07-30,US0378331005,AAPL,180.1104
2025-07-31,US0378331005,AAPL,180.7378
2025-08-01,US0378331005,AAPL,176.3053
2025-08-04,US0378331005,AAPL,174.6591
2025-08-05,US0378331005,AAPL,174.3282
2025-08-06,US0378331005,AAPL,183.2811
2025-08-07,US0378331005,AAPL,187.7463
2025-08-08,US0378331005,AAPL,195.4729
2025-08-11,US0378331005,AAPL,194.3207
2025-08-12,US0378331005,AAPL,196.9323
2025-08-13,US0378331005,AAPL,199.0837
2025-08-14,US0378331005,AAPL,198.0068
2025-08-15,US0378331005,AAPL,198.0352
2025-08-18,US0378331005,AAPL,196.5050
2025-08-19,US0378331005,AAPL,196.8673
2025-08-20,US0378331005,AAPL,193.4101
2025-08-21,US0378331005,AAPL,192.3078
2025-08-22,US0378331005,AAPL,195.4023
2025-08-25,US0378331005,AAPL,193.2807
2025-08-26,US0378331005,AAPL,196.6407
2025-08-27,US0378331005,AAPL,197.2967
2025-08-28,US0378331005,AAPL,198.9226
2025-08-29,US0378331005,AAPL,197.9921
2025-09-02,US0378331005,AAPL,195.3536
2025-09-03,US0378331005,AAPL,204.1868
2025-09-04,US0378331005,AAPL,204.8785
2025-09-05,US0378331005,AAPL,204.8637
2025-09-08,US0378331005,AAPL,202.3402
2025-09-09,US0378331005,AAPL,198.3897
2025-09-10,US0378331005,AAPL,193.0788
2025-09-11,US0378331005,AAPL,195.8258
2025-09-12,US0378331005,AAPL,198.7333
2025-09-15,US0378331005,AAPL,201.1078
2025-09-16,US0378331005,AAPL,201.6991
2025-09-17,US0378331005,AAPL,200.5747
2025-09-18,US0378331005,AAPL,200.4039
2025-09-19,US0378331005,AAPL,207.4423
2025-09-22,US0378331005,AAPL,217.3797
2025-09-23,US0378331005,AAPL,214.8054
2025-09-24,US0378331005,AAPL,212.7742
2025-09-25,US0378331005,AAPL,217.9070
2025-09-26,US0378331005,AAPL,218.2329
2025-09-29,US0378331005,AAPL,216.5089
2025-09-30,US0378331005,AAPL,216.2503
2025-10-01,US0378331005,AAPL,216.8653
2025-10-02,US0378331005,AAPL,218.3249
2025-10-03,US0378331005,AAPL,219.2476
2025-10-06,US0378331005,AAPL,218.3528
2025-10-07,US0378331005,AAPL,218.2150
2025-10-08,US0378331005,AAPL,220.6083
2025-10-09,US0378331005,AAPL,217.5944
2025-10-10,US0378331005,AAPL,211.2726
2025-10-13,US0378331005,AAPL,212.6701
2025-10-14,US0378331005,AAPL,213.4187
2025-10-15,US0378331005,AAPL,214.1152
2025-10-16,US0378331005,AAPL,211.6885
2025-10-17,US0378331005,AAPL,214.8462
2025-10-20,US0378331005,AAPL,224.1268
2025-10-21,US0378331005,AAPL,224.8311
2025-10-22,US0378331005,AAPL,221.9743
2025-10-23,US0378331005,AAPL,222.7896
2025-10-24,US0378331005,AAPL,225.3845
2025-10-27,US0378331005,AAPL,230.2508
2025-10-28,US0378331005,AAPL,230.0169
2025-10-29,US0378331005,AAPL,230.4945
2025-10-30,US0378331005,AAPL,233.0371
2025-10-31,US0378331005,AAPL,232.7723
2025-11-03,US0378331005,AAPL,232.5284
2025-11-04,US0378331005,AAPL,233.5644
2025-11-05,US0378331005,AAPL,234.3345
2025-11-06,US0378331005,AAPL,233.7850
2025-11-07,US0378331005,AAPL,231.6019
2025-11-10,US0378331005,AAPL,232.7629
2025-11-11,US0378331005,AAPL,237.5163
2025-11-12,US0378331005,AAPL,235.3639
2025-11-13,US0378331005,AAPL,234.8212
2025-11-14,US0378331005,AAPL,233.5552
2025-11-17,US0378331005,AAPL,229.6393
2025-11-18,US0378331005,AAPL,230.1129
2025-11-19,US0378331005,AAPL,231.2640
2025-11-20,US0378331005,AAPL,230.0794
2025-11-21,US0378331005,AAPL,234.7320
2025-11-24,US0378331005,AAPL,239.1209
2025-11-25,US0378331005,AAPL,239.7712
2025-11-26,US0378331005,AAPL,239.3432
2025-11-28,US0378331005,AAPL,239.7384
2025-12-01,US0378331005,AAPL,243.3585
2025-12-02,US0378331005,AAPL,245.8834
2025-12-03,US0378331005,AAPL,243.7057
2025-12-04,US0378331005,AAPL,239.9433
2025-12-05,US0378331005,AAPL,238.7942
2025-12-08,US0378331005,AAPL,238.0845
2025-12-09,US0378331005,AAPL,237.4513
2025-12-10,US0378331005,AAPL,239.0916
2025-12-11,US0378331005,AAPL,236.9622
2025-12-12,US0378331005,AAPL,236.4038
2025-12-15,US0378331005,AAPL,232.8968
2025-12-16,US0378331005,AAPL,232.9848
2025-12-17,US0378331005,AAPL,230.7350
2025-12-18,US0378331005,AAPL,231.1732
2025-12-19,US0378331005,AAPL,232.7604
2025-12-22,US0378331005,AAPL,230.8100
2025-12-23,US0378331005,AAPL,230.8531
2025-12-24,US0378331005,AAPL,231.5005
2025-12-26,US0378331005,AAPL,231.3529
2025-12-29,US0378331005,AAPL,231.9060
2025-12-30,US0378331005,AAPL,231.3272
2025-12-31,US0378331005,AAPL,230.7953
2026-01-02,US0378331005,AAPL,230.0116
2026-01-05,US0378331005,AAPL,227.7164
2026-01-06,US0378331005,AAPL,223.3452
2026-01-07,US0378331005,AAPL,222.1233
2026-01-08,US0378331005,AAPL,221.2397
2026-01-09,US0378331005,AAPL,221.8810
2026-01-12,US0378331005,AAPL,223.2879
2026-01-13,US0378331005,AAPL,223.1438
2026-01-14,US0378331005,AAPL,222.6787
2026-01-15,US0378331005,AAPL,221.1076
2026-01-16,US0378331005,AAPL,219.5160
2026-01-20,US0378331005,AAPL,211.3819
2026-01-21,US0378331005,AAPL,210.5905
2026-01-22,US0378331005,AAPL,212.1789
2026-01-23,US0378331005,AAPL,210.4423
2026-01-26,US0378331005,AAPL,214.7975
2026-01-27,US0378331005,AAPL,216.8730
2026-01-28,US0378331005,AAPL,212.8070
2026-01-29,US0378331005,AAPL,215.0475
2026-01-30,US0378331005,AAPL,216.2640
2026-02-02,US0378331005,AAPL,227.2537
2026-02-03,US0378331005,AAPL,227.7778
2026-02-04,US0378331005,AAPL,233.3583
2026-02-05,US0378331005,AAPL,233.1549
2026-02-06,US0378331005,AAPL,235.4968
2026-02-09,US0378331005,AAPL,231.8078
2026-02-10,US0378331005,AAPL,229.4953
2026-02-11,US0378331005,AAPL,231.3020
2026-02-12,US0378331005,AAPL,219.9919
2026-02-13,US0378331005,AAPL,215.1287
2026-02-17,US0378331005,AAPL,222.2890
2026-02-18,US0378331005,AAPL,222.6480
2026-02-19,US0378331005,AAPL,220.6458
2026-02-20,US0378331005,AAPL,224.4079
2026-02-23,US0378331005,AAPL,224.5134
2026-02-24,US0378331005,AAPL,230.3365
2026-02-25,US0378331005,AAPL,232.4723
2026-02-26,US0378331005,AAPL,230.6052
2026-02-27,US0378331005,AAPL,223.4252
2026-03-02,US0378331005,AAPL,224.7116
2026-03-03,US0378331005,AAPL,225.0782
2026-03-04,US0378331005,AAPL,225.6690
2026-03-05,US0378331005,AAPL,223.3026
2026-03-06,US0378331005,AAPL,221.3989
2026-03-09,US0378331005,AAPL,225.1247
2026-03-10,US0378331005,AAPL,224.1199
2026-03-11,US0378331005,AAPL,224.2173
2026-03-12,US0378331005,AAPL,221.1728
2026-03-13,US0378331005,AAPL,216.6999
2026-03-16,US0378331005,AAPL,220.6973
2026-03-17,US0378331005,AAPL,220.6846
2026-03-18,US0378331005,AAPL,216.2097
2026-03-19,US0378331005,AAPL,216.7710
2026-03-20,US0378331005,AAPL,213.8173
2026-03-23,US0378331005,AAPL,217.1614
2026-03-24,US0378331005,AAPL,216.4117
2026-03-25,US0378331005,AAPL,217.1133
2026-03-26,US0378331005,AAPL,218.3450
2026-03-27,US0378331005,AAPL,215.3055
2026-03-30,US0378331005,AAPL,214.2277
2026-03-31,US0378331005,AAPL,221.0627
2026-04-01,US0378331005,AAPL,220.4683
2026-04-02,US0378331005,AAPL,220.4068
2026-04-06,US0378331005,AAPL,224.4995
2026-04-07,US0378331005,AAPL,219.2563
2026-04-08,US0378331005,AAPL,221.1409
2026-04-09,US0378331005,AAPL,223.0191
2026-04-10,US0378331005,AAPL,222.4021
2026-04-13,US0378331005,AAPL,221.6145
2026-04-14,US0378331005,AAPL,219.5361
2026-04-15,US0378331005,AAPL,225.3972
2026-04-16,US0378331005,AAPL,222.6498
2026-04-17,US0378331005,AAPL,228.9356
2026-04-20,US0378331005,AAPL,232.1424
2026-04-21,US0378331005,AAPL,225.4642
2026-04-22,US0378331005,AAPL,232.1845
2026-04-23,US0378331005,AAPL,233.1642
2026-04-24,US0378331005,AAPL,231.5816
2026-04-27,US0378331005,AAPL,228.1933
2026-04-28,US0378331005,AAPL,230.5016
2026-04-29,US0378331005,AAPL,230.1524
2026-04-30,US0378331005,AAPL,231.8131
2026-05-01,US0378331005,AAPL,238.4163
2026-05-04,US0378331005,AAPL,235.6490
2026-05-05,US0378331005,AAPL,242.6233
2026-05-06,US0378331005,AAPL,244.9670
2026-05-07,US0378331005,AAPL,244.2474
2026-05-08,US0378331005,AAPL,249.5806
2026-05-11,US0378331005,AAPL,248.4759
2026-05-12,US0378331005,AAPL,250.0401
2026-05-13,US0378331005,AAPL,254.4536
2026-05-14,US0378331005,AAPL,254.3119
2026-05-15,US0378331005,AAPL,257.2194
2026-05-18,US0378331005,AAPL,256.2193
2026-05-19,US0378331005,AAPL,256.2922
2026-05-20,US0378331005,AAPL,260.1761
2026-05-21,US0378331005,AAPL,262.1233
2026-05-22,US0378331005,AAPL,265.5106
2026-05-26,US0378331005,AAPL,264.7197
2026-05-27,US0378331005,AAPL,266.8957
2026-05-28,US0378331005,AAPL,268.7581
2026-05-29,US0378331005,AAPL,267.5667
2026-06-01,US0378331005,AAPL,262.7252
2026-06-02,US0378331005,AAPL,270.6621
2026-06-03,US0378331005,AAPL,266.7270
2026-06-04,US0378331005,AAPL,267.8532
2026-06-05,US0378331005,AAPL,264.4316
2026-06-08,US0378331005,AAPL,261.4690
2026-06-09,US0378331005,AAPL,251.8117
2026-06-10,US0378331005,AAPL,252.5529
2026-06-11,US0378331005,AAPL,256.0549
2026-06-12,US0378331005,AAPL,251.2789
2026-06-15,US0378331005,AAPL,255.2465
2026-06-16,US0378331005,AAPL,257.8721
2026-06-17,US0378331005,AAPL,254.6909
2026-06-18,US0378331005,AAPL,258.7505
2026-06-22,US0378331005,AAPL,258.8853
2026-06-23,US0378331005,AAPL,257.3229
2026-06-24,US0378331005,AAPL,257.3279
2026-06-25,US0378331005,AAPL,242.1240
2026-06-26,US0378331005,AAPL,249.5537
2026-06-29,US0378331005,AAPL,247.2390
2026-06-30,US0378331005,AAPL,253.1164
2026-07-01,US0378331005,AAPL,257.7047
2026-07-02,US0378331005,AAPL,271.0181
2026-07-06,US0378331005,AAPL,273.1231
2026-07-07,US0378331005,AAPL,271.2798
2026-07-08,US0378331005,AAPL,274.5749
2026-07-09,US0378331005,AAPL,276.6121
2026-07-10,US0378331005,AAPL,275.5507
2026-07-13,US0378331005,AAPL,277.9935
2026-07-14,US0378331005,AAPL,276.3347
2026-07-15,US0378331005,AAPL,286.4137
2026-07-16,US0378331005,AAPL,290.2924
2026-07-17,US0378331005,AAPL,291.3607
2026-07-20,US0378331005,AAPL,285.5428
2026-07-21,US0378331005,AAPL,286.7874
2026-07-22,US0378331005,AAPL,285.5267
2026-07-23,US0378331005,AAPL,281.6246
2026-07-24,US0378331005,AAPL,292.4657
2026-07-27,US0378331005,AAPL,295.4107
2026-07-28,US0378331005,AAPL,298.8596
2026-07-29,US0378331005,AAPL,296.7527
2026-07-30,US0378331005,AAPL,290.5171
2026-07-31,US0378331005,AAPL,267.8380
2026-08-03,US0378331005,AAPL,262.6111
2026-08-04,US0378331005,AAPL,268.6226
2026-08-05,US0378331005,AAPL,269.4420
2026-08-06,US0378331005,AAPL,270.0798
2026-08-07,US0378331005,AAPL,271.6422
2026-08-10,US0378331005,AAPL,266.7436
2026-08-11,US0378331005,AAPL,264.0734
2026-08-12,US0378331005,AAPL,261.8301
2026-08-13,US0378331005,AAPL,264.7520
2026-08-14,US0378331005,AAPL,265.2107
2026-08-17,US0378331005,AAPL,264.0328
2026-08-18,US0378331005,AAPL,267.6644
2026-08-19,US0378331005,AAPL,273.6144
2026-08-20,US0378331005,AAPL,266.6658
2026-08-21,US0378331005,AAPL,264.6768
2026-08-24,US0378331005,AAPL,265.6666
2026-08-25,US0378331005,AAPL,265.5905
2026-08-26,US0378331005,AAPL,268.4856
2026-08-27,US0378331005,AAPL,269.9128
2026-08-28,US0378331005,AAPL,274.2706
2026-08-31,US0378331005,AAPL,273.4067
2026-09-01,US0378331005,AAPL,279.8589
2026-09-02,US0378331005,AAPL,280.2455
2026-09-03,US0378331005,AAPL,283.2978
2026-09-04,US0378331005,AAPL,275.1646
2026-09-08,US0378331005,AAPL,271.9555
2026-09-09,US0378331005,AAPL,271.2050
2026-09-10,US0378331005,AAPL,280.7065
2026-09-11,US0378331005,AAPL,286.1941
2026-09-14,US0378331005,AAPL,287.2881
2026-09-15,US0378331005,AAPL,286.9106
2026-09-16,US0378331005,AAPL,288.1097
2026-09-17,US0378331005,AAPL,293.8135
2026-09-18,US0378331005,AAPL,292.8970
2026-09-21,US0378331005,AAPL,295.2855
2026-09-22,US0378331005,AAPL,296.3469
2026-09-23,US0378331005,AAPL,294.3937
2026-09-24,US0378331005,AAPL,295.1360
2026-09-25,US0378331005,AAPL,299.8483
2026-09-28,US0378331005,AAPL,297.4164
2024-02-01,US1912161007,KO,52.1865
2024-02-02,US1912161007,KO,51.4730
2024-02-05,US1912161007,KO,51.4958
2024-02-06,US1912161007,KO,51.5930
2024-02-07,US1912161007,KO,51.5622
2024-02-08,US1912161007,KO,51.3362
2024-02-09,US1912161007,KO,51.0974
2024-02-12,US1912161007,KO,51.1181
2024-02-13,US1912161007,KO,50.9408
2024-02-14,US1912161007,KO,51.1903
2024-02-15,US1912161007,KO,51.1743
2024-02-16,US1912161007,KO,50.9675
2024-02-20,US1912161007,KO,52.0844
2024-02-21,US1912161007,KO,52.3643
2024-02-22,US1912161007,KO,52.2523
2024-02-23,US1912161007,KO,52.2695
2024-02-26,US1912161007,KO,51.8780
2024-02-27,US1912161007,KO,51.4151
2024-02-28,US1912161007,KO,51.4952
2024-02-29,US1912161007,KO,51.1995
2024-03-01,US1912161007,KO,50.9406
2024-03-04,US1912161007,KO,51.0022
2024-03-05,US1912161007,KO,50.6965
2024-03-06,US1912161007,KO,50.7182
2024-03-07,US1912161007,KO,50.4223
2024-03-08,US1912161007,KO,50.2568
2024-03-11,US1912161007,KO,50.8982
2024-03-12,US1912161007,KO,51.1721
2024-03-13,US1912161007,KO,51.7135
2024-03-14,US1912161007,KO,51.4687
2024-03-15,US1912161007,KO,51.2777
2024-03-18,US1912161007,KO,51.4958
2024-03-19,US1912161007,KO,51.6224
2024-03-20,US1912161007,KO,52.1190
2024-03-21,US1912161007,KO,51.5283
2024-03-22,US1912161007,KO,51.9005
2024-03-25,US1912161007,KO,52.0861
2024-03-26,US1912161007,KO,52.0590
2024-03-27,US1912161007,KO,52.5088
2024-03-28,US1912161007,KO,52.7303
2024-04-01,US1912161007,KO,52.3994
2024-04-02,US1912161007,KO,52.2103
2024-04-03,US1912161007,KO,51.7814
2024-04-04,US1912161007,KO,50.9922
2024-04-05,US1912161007,KO,51.1789
2024-04-08,US1912161007,KO,51.0034
2024-04-09,US1912161007,KO,51.2337
2024-04-10,US1912161007,KO,50.5677
2024-04-11,US1912161007,KO,51.2340
2024-04-12,US1912161007,KO,50.6360
2024-04-15,US1912161007,KO,50.8806
2024-04-16,US1912161007,KO,50.9248
2024-04-17,US1912161007,KO,51.3402
2024-04-18,US1912161007,KO,51.4590
2024-04-19,US1912161007,KO,52.6841
2024-04-22,US1912161007,KO,52.9468
2024-04-23,US1912161007,KO,53.0465
2024-04-24,US1912161007,KO,53.5895
2024-04-25,US1912161007,KO,53.7774
2024-04-26,US1912161007,KO,53.6284
2024-04-29,US1912161007,KO,54.0034
2024-04-30,US1912161007,KO,53.7241
2024-05-01,US1912161007,KO,54.1114
2024-05-02,US1912161007,KO,53.8860
2024-05-03,US1912161007,KO,53.9845
2024-05-06,US1912161007,KO,54.0147
2024-05-07,US1912161007,KO,54.2013
2024-05-08,US1912161007,KO,54.4865
2024-05-09,US1912161007,KO,54.5307
2024-05-10,US1912161007,KO,54.6657
2024-05-13,US1912161007,KO,55.0174
2024-05-14,US1912161007,KO,54.4850
2024-05-15,US1912161007,KO,54.4051
2024-05-16,US1912161007,KO,54.1917
2024-05-17,US1912161007,KO,54.0528
2024-05-20,US1912161007,KO,53.6204
2024-05-21,US1912161007,KO,53.9845
2024-05-22,US1912161007,KO,54.0899
2024-05-23,US1912161007,KO,53.4561
2024-05-24,US1912161007,KO,53.4405
2024-05-28,US1912161007,KO,53.0439
2024-05-29,US1912161007,KO,52.9898
2024-05-30,US1912161007,KO,53.4683
2024-05-31,US1912161007,KO,54.1283
2024-06-03,US1912161007,KO,54.0403
2024-06-04,US1912161007,KO,54.6341
2024-06-05,US1912161007,KO,54.7451
2024-06-06,US1912161007,KO,54.9792
2024-06-07,US1912161007,KO,54.6734
2024-06-10,US1912161007,KO,54.9828
2024-06-11,US1912161007,KO,55.0229
2024-06-12,US1912161007,KO,54.5641
2024-06-13,US1912161007,KO,54.2914
2024-06-14,US1912161007,KO,54.7065
2024-06-17,US1912161007,KO,54.9554
2024-06-18,US1912161007,KO,54.7671
2024-06-20,US1912161007,KO,54.3187
2024-06-21,US1912161007,KO,55.0652
2024-06-24,US1912161007,KO,56.2158
2024-06-25,US1912161007,KO,55.8665
2024-06-26,US1912161007,KO,56.1712
2024-06-27,US1912161007,KO,56.2033
2024-06-28,US1912161007,KO,55.8264
2024-07-01,US1912161007,KO,55.3634
2024-07-02,US1912161007,KO,55.2402
2024-07-03,US1912161007,KO,55.3393
2024-07-05,US1912161007,KO,55.3941
2024-07-08,US1912161007,KO,54.6216
2024-07-09,US1912161007,KO,54.3626
2024-07-10,US1912161007,KO,54.5655
2024-07-11,US1912161007,KO,54.7063
2024-07-12,US1912161007,KO,55.0261
2024-07-15,US1912161007,KO,54.7113
2024-07-16,US1912161007,KO,55.3718
2024-07-17,US1912161007,KO,56.1767
2024-07-18,US1912161007,KO,55.9660
2024-07-19,US1912161007,KO,56.2506
2024-07-22,US1912161007,KO,55.8147
2024-07-23,US1912161007,KO,56.0267
2024-07-24,US1912161007,KO,56.9644
2024-07-25,US1912161007,KO,57.2484
2024-07-26,US1912161007,KO,58.0345
2024-07-29,US1912161007,KO,57.8309
2024-07-30,US1912161007,KO,58.7521
2024-07-31,US1912161007,KO,57.9543
2024-08-01,US1912161007,KO,58.9709
2024-08-02,US1912161007,KO,60.3622
2024-08-05,US1912161007,KO,58.6216
2024-08-06,US1912161007,KO,58.3638
2024-08-07,US1912161007,KO,58.8486
2024-08-08,US1912161007,KO,59.0703
2024-08-09,US1912161007,KO,59.0945
2024-08-12,US1912161007,KO,58.6659
2024-08-13,US1912161007,KO,58.7946
2024-08-14,US1912161007,KO,58.5724
2024-08-15,US1912161007,KO,58.5457
2024-08-16,US1912161007,KO,59.2154
2024-08-19,US1912161007,KO,58.7643
2024-08-20,US1912161007,KO,58.7773
2024-08-21,US1912161007,KO,58.7187
2024-08-22,US1912161007,KO,58.3722
2024-08-23,US1912161007,KO,58.9614
2024-08-26,US1912161007,KO,59.4699
2024-08-27,US1912161007,KO,60.1489
2024-08-28,US1912161007,KO,60.2878
2024-08-29,US1912161007,KO,60.8282
2024-08-30,US1912161007,KO,61.4284
2024-09-03,US1912161007,KO,61.9589
2024-09-04,US1912161007,KO,61.6806
2024-09-05,US1912161007,KO,60.3265
2024-09-06,US1912161007,KO,60.1347
2024-09-09,US1912161007,KO,60.8658
2024-09-10,US1912161007,KO,60.8845
2024-09-11,US1912161007,KO,60.5753
2024-09-12,US1912161007,KO,60.7587
2024-09-13,US1912161007,KO,60.9591
2024-09-16,US1912161007,KO,61.4895
2024-09-17,US1912161007,KO,61.0075
2024-09-18,US1912161007,KO,61.0003
2024-09-19,US1912161007,KO,60.0844
2024-09-20,US1912161007,KO,60.6947
2024-09-23,US1912161007,KO,60.7771
2024-09-24,US1912161007,KO,60.7053
2024-09-25,US1912161007,KO,60.3757
2024-09-26,US1912161007,KO,60.6595
2024-09-27,US1912161007,KO,60.7390
2024-09-30,US1912161007,KO,60.8383
2024-10-01,US1912161007,KO,60.8924
2024-10-02,US1912161007,KO,60.6942
2024-10-03,US1912161007,KO,60.3594
2024-10-04,US1912161007,KO,60.1302
2024-10-07,US1912161007,KO,59.4651
2024-10-08,US1912161007,KO,59.6050
2024-10-09,US1912161007,KO,59.9410
2024-10-10,US1912161007,KO,59.8421
2024-10-11,US1912161007,KO,60.1706
2024-10-14,US1912161007,KO,60.8838
2024-10-15,US1912161007,KO,60.9743
2024-10-16,US1912161007,KO,61.3145
2024-10-17,US1912161007,KO,60.8533
2024-10-18,US1912161007,KO,61.5099
2024-10-21,US1912161007,KO,60.4274
2024-10-22,US1912161007,KO,60.7111
2024-10-23,US1912161007,KO,59.5655
2024-10-24,US1912161007,KO,59.0353
2024-10-25,US1912161007,KO,58.4653
2024-10-28,US1912161007,KO,58.3957
2024-10-29,US1912161007,KO,57.3162
2024-10-30,US1912161007,KO,57.6103
2024-10-31,US1912161007,KO,56.8746
2024-11-01,US1912161007,KO,56.4732
2024-11-04,US1912161007,KO,56.6204
2024-11-05,US1912161007,KO,56.8490
2024-11-06,US1912161007,KO,55.0907
2024-11-07,US1912161007,KO,56.0891
2024-11-08,US1912161007,KO,55.9942
2024-11-11,US1912161007,KO,55.9195
2024-11-12,US1912161007,KO,56.0424
2024-11-13,US1912161007,KO,56.1159
2024-11-14,US1912161007,KO,55.9925
2024-11-15,US1912161007,KO,55.4461
2024-11-18,US1912161007,KO,55.5345
2024-11-19,US1912161007,KO,55.8655
2024-11-20,US1912161007,KO,56.1553
2024-11-21,US1912161007,KO,57.1727
2024-11-22,US1912161007,KO,57.7369
2024-11-25,US1912161007,KO,58.0940
2024-11-26,US1912161007,KO,58.4458
2024-11-27,US1912161007,KO,58.0763
2024-11-29,US1912161007,KO,57.8033
2024-12-02,US1912161007,KO,57.5130
2024-12-03,US1912161007,KO,57.6352
2024-12-04,US1912161007,KO,56.3950
2024-12-05,US1912161007,KO,57.0207
2024-12-06,US1912161007,KO,56.2847
2024-12-09,US1912161007,KO,56.4551
2024-12-10,US1912161007,KO,56.7898
2024-12-11,US1912161007,KO,56.6655
2024-12-12,US1912161007,KO,57.8946
2024-12-13,US1912161007,KO,57.4209
2024-12-16,US1912161007,KO,56.7074
2024-12-17,US1912161007,KO,57.4382
2024-12-18,US1912161007,KO,57.0609
2024-12-19,US1912161007,KO,57.4909
2024-12-20,US1912161007,KO,57.5013
2024-12-23,US1912161007,KO,56.9706
2024-12-24,US1912161007,KO,57.5410
2024-12-26,US1912161007,KO,57.3283
2024-12-27,US1912161007,KO,57.0886
2024-12-30,US1912161007,KO,56.6710
2024-12-31,US1912161007,KO,57.0081
2025-01-02,US1912161007,KO,56.9205
2025-01-03,US1912161007,KO,57.3007
2025-01-06,US1912161007,KO,56.2251
2025-01-07,US1912161007,KO,55.8140
2025-01-08,US1912161007,KO,56.8355
2025-01-10,US1912161007,KO,56.5079
2025-01-13,US1912161007,KO,57.3407
2025-01-14,US1912161007,KO,57.5864
2025-01-15,US1912161007,KO,57.1044
2025-01-16,US1912161007,KO,57.6128
2025-01-17,US1912161007,KO,58.0009
2025-01-21,US1912161007,KO,57.0749
2025-01-22,US1912161007,KO,56.5698
2025-01-23,US1912161007,KO,56.3180
2025-01-24,US1912161007,KO,56.6431
2025-01-27,US1912161007,KO,58.1390
2025-01-28,US1912161007,KO,56.8869
2025-01-29,US1912161007,KO,57.4037
2025-01-30,US1912161007,KO,58.5397
2025-01-31,US1912161007,KO,58.1748
2025-02-03,US1912161007,KO,58.9025
2025-02-04,US1912161007,KO,57.8212
2025-02-05,US1912161007,KO,57.9814
2025-02-06,US1912161007,KO,58.0449
2025-02-07,US1912161007,KO,58.5698
2025-02-10,US1912161007,KO,59.6468
2025-02-11,US1912161007,KO,62.5263
2025-02-12,US1912161007,KO,63.1641
2025-02-13,US1912161007,KO,63.7241
2025-02-14,US1912161007,KO,62.7258
2025-02-18,US1912161007,KO,62.7477
2025-02-19,US1912161007,KO,63.9002
2025-02-20,US1912161007,KO,64.0404
2025-02-21,US1912161007,KO,64.7439
2025-02-24,US1912161007,KO,64.2117
2025-02-25,US1912161007,KO,65.1141
2025-02-26,US1912161007,KO,64.1012
2025-02-27,US1912161007,KO,64.3806
2025-02-28,US1912161007,KO,65.2723
2025-03-03,US1912161007,KO,66.1706
2025-03-04,US1912161007,KO,63.7856
2025-03-05,US1912161007,KO,62.8349
2025-03-06,US1912161007,KO,62.1928
2025-03-07,US1912161007,KO,63.0898
2025-03-10,US1912161007,KO,62.6854
2025-03-11,US1912161007,KO,62.4475
2025-03-12,US1912161007,KO,61.0594
2025-03-13,US1912161007,KO,60.9359
2025-03-14,US1912161007,KO,61.1519
2025-03-17,US1912161007,KO,61.8547
2025-03-18,US1912161007,KO,60.9895
2025-03-19,US1912161007,KO,60.7885
2025-03-20,US1912161007,KO,61.3204
2025-03-21,US1912161007,KO,60.7127
2025-03-24,US1912161007,KO,61.0781
2025-03-25,US1912161007,KO,61.1357
2025-03-26,US1912161007,KO,62.3035
2025-03-27,US1912161007,KO,63.2103
2025-03-28,US1912161007,KO,62.5366
2025-03-31,US1912161007,KO,63.5127
2025-04-01,US1912161007,KO,63.7641
2025-04-02,US1912161007,KO,63.4192
2025-04-03,US1912161007,KO,64.3918
2025-04-04,US1912161007,KO,60.7796
2025-04-07,US1912161007,KO,59.7440
2025-04-08,US1912161007,KO,60.1666
2025-04-09,US1912161007,KO,61.1475
2025-04-10,US1912161007,KO,62.0158
2025-04-11,US1912161007,KO,60.9027
2025-04-14,US1912161007,KO,61.3078
2025-04-15,US1912161007,KO,60.8272
2025-04-16,US1912161007,KO,60.9273
2025-04-17,US1912161007,KO,61.4824
2025-04-21,US1912161007,KO,61.2887
2025-04-22,US1912161007,KO,61.6134
2025-04-23,US1912161007,KO,61.9828
2025-04-24,US1912161007,KO,61.4527
2025-04-25,US1912161007,KO,60.6969
2025-04-28,US1912161007,KO,60.7493
2025-04-29,US1912161007,KO,60.8690
2025-04-30,US1912161007,KO,61.1438
2025-05-01,US1912161007,KO,60.4234
2025-05-02,US1912161007,KO,60.8812
2025-05-05,US1912161007,KO,60.7798
2025-05-06,US1912161007,KO,60.8498
2025-05-07,US1912161007,KO,61.2676
2025-05-08,US1912161007,KO,60.4214
2025-05-09,US1912161007,KO,60.3068
2025-05-12,US1912161007,KO,59.4315
2025-05-13,US1912161007,KO,59.6565
2025-05-14,US1912161007,KO,59.3483
2025-05-15,US1912161007,KO,61.4706
2025-05-16,US1912161007,KO,61.7460
2025-05-19,US1912161007,KO,61.7142
2025-05-20,US1912161007,KO,61.2572
2025-05-21,US1912161007,KO,61.0973
2025-05-22,US1912161007,KO,60.2628
2025-05-23,US1912161007,KO,61.0624
2025-05-27,US1912161007,KO,60.4990
2025-05-28,US1912161007,KO,60.2398
2025-05-29,US1912161007,KO,61.0849
2025-05-30,US1912161007,KO,60.8227
2025-06-02,US1912161007,KO,60.8724
2025-06-03,US1912161007,KO,59.6363
2025-06-04,US1912161007,KO,60.1747
2025-06-05,US1912161007,KO,59.5901
2025-06-06,US1912161007,KO,59.7935
2025-06-09,US1912161007,KO,60.3879
2025-06-10,US1912161007,KO,60.7683
2025-06-11,US1912161007,KO,60.4833
2025-06-12,US1912161007,KO,60.2474
2025-06-13,US1912161007,KO,59.1835
2025-06-16,US1912161007,KO,58.9884
2025-06-17,US1912161007,KO,58.2625
2025-06-18,US1912161007,KO,58.2659
2025-06-20,US1912161007,KO,57.8027
2025-06-23,US1912161007,KO,58.6191
2025-06-24,US1912161007,KO,58.5146
2025-06-25,US1912161007,KO,57.9653
2025-06-26,US1912161007,KO,57.4782
2025-06-27,US1912161007,KO,58.1476
2025-06-30,US1912161007,KO,58.3190
2025-07-01,US1912161007,KO,58.7781
2025-07-02,US1912161007,KO,58.0643
2025-07-03,US1912161007,KO,58.4508
2025-07-07,US1912161007,KO,58.2684
2025-07-08,US1912161007,KO,57.8538
2025-07-09,US1912161007,KO,57.2863
2025-07-10,US1912161007,KO,57.4930
2025-07-11,US1912161007,KO,57.7152
2025-07-14,US1912161007,KO,57.4862
2025-07-15,US1912161007,KO,57.4730
2025-07-16,US1912161007,KO,57.6897
2025-07-17,US1912161007,KO,58.6457
2025-07-18,US1912161007,KO,58.1322
2025-07-21,US1912161007,KO,58.2388
2025-07-22,US1912161007,KO,57.5822
2025-07-23,US1912161007,KO,56.9516
2025-07-24,US1912161007,KO,56.7325
2025-07-25,US1912161007,KO,56.8776
2025-07-28,US1912161007,KO,55.9862
2025-07-29,US1912161007,KO,57.8343
2025-07-30,US1912161007,KO,57.5364
2025-07-31,US1912161007,KO,57.4211
2025-08-01,US1912161007,KO,58.2702
2025-08-04,US1912161007,KO,57.5342
2025-08-05,US1912161007,KO,57.6219
2025-08-06,US1912161007,KO,58.0307
2025-08-07,US1912161007,KO,58.3753
2025-08-08,US1912161007,KO,58.2333
2025-08-11,US1912161007,KO,58.7171
2025-08-12,US1912161007,KO,58.8329
2025-08-13,US1912161007,KO,58.3306
2025-08-14,US1912161007,KO,57.4011
2025-08-15,US1912161007,KO,58.0113
2025-08-18,US1912161007,KO,57.0852
2025-08-19,US1912161007,KO,58.1008
2025-08-20,US1912161007,KO,58.7029
2025-08-21,US1912161007,KO,58.6233
2025-08-22,US1912161007,KO,58.3774
2025-08-25,US1912161007,KO,56.9054
2025-08-26,US1912161007,KO,57.1855
2025-08-27,US1912161007,KO,57.1655
2025-08-28,US1912161007,KO,56.7336
2025-08-29,US1912161007,KO,57.0917
2025-09-02,US1912161007,KO,56.9820
2025-09-03,US1912161007,KO,57.3151
2025-09-04,US1912161007,KO,56.5816
2025-09-05,US1912161007,KO,56.3582
2025-09-08,US1912161007,KO,55.6502
2025-09-09,US1912161007,KO,55.7387
2025-09-10,US1912161007,KO,56.0219
2025-09-11,US1912161007,KO,55.8534
2025-09-12,US1912161007,KO,55.2018
2025-09-15,US1912161007,KO,54.9998
2025-09-16,US1912161007,KO,54.8505
2025-09-17,US1912161007,KO,55.0095
2025-09-18,US1912161007,KO,54.7413
2025-09-19,US1912161007,KO,54.8803
2025-09-22,US1912161007,KO,54.9508
2025-09-23,US1912161007,KO,55.0649
2025-09-24,US1912161007,KO,54.7881
2025-09-25,US1912161007,KO,54.7239
2025-09-26,US1912161007,KO,54.8493
2025-09-29,US1912161007,KO,54.9441
2025-09-30,US1912161007,KO,55.0679
2025-10-01,US1912161007,KO,55.4291
2025-10-02,US1912161007,KO,54.8730
2025-10-03,US1912161007,KO,55.3718
2025-10-06,US1912161007,KO,54.9741
2025-10-07,US1912161007,KO,55.5584
2025-10-08,US1912161007,KO,55.2638
2025-10-09,US1912161007,KO,55.5807
2025-10-10,US1912161007,KO,56.4599
2025-10-13,US1912161007,KO,56.0833
2025-10-14,US1912161007,KO,56.8537
2025-10-15,US1912161007,KO,56.3191
2025-10-16,US1912161007,KO,56.5326
2025-10-17,US1912161007,KO,56.9829
2025-10-20,US1912161007,KO,57.1889
2025-10-21,US1912161007,KO,59.5785
2025-10-22,US1912161007,KO,59.4604
2025-10-23,US1912161007,KO,58.6889
2025-10-24,US1912161007,KO,58.4477
2025-10-27,US1912161007,KO,58.6723
2025-10-28,US1912161007,KO,58.6549
2025-10-29,US1912161007,KO,57.1117
2025-10-30,US1912161007,KO,57.9089
2025-10-31,US1912161007,KO,57.9961
2025-11-03,US1912161007,KO,57.4338
2025-11-04,US1912161007,KO,58.0616
2025-11-05,US1912161007,KO,58.1043
2025-11-06,US1912161007,KO,58.5136
2025-11-07,US1912161007,KO,59.5046
2025-11-10,US1912161007,KO,59.5067
2025-11-11,US1912161007,KO,60.3568
2025-11-12,US1912161007,KO,60.1150
2025-11-13,US1912161007,KO,59.7209
2025-11-14,US1912161007,KO,59.5921
2025-11-17,US1912161007,KO,59.2748
2025-11-18,US1912161007,KO,59.8553
2025-11-19,US1912161007,KO,59.8113
2025-11-20,US1912161007,KO,60.1056
2025-11-21,US1912161007,KO,61.6070
2025-11-24,US1912161007,KO,61.4465
2025-11-25,US1912161007,KO,61.3969
2025-11-26,US1912161007,KO,61.3867
2025-11-28,US1912161007,KO,61.4030
2025-12-01,US1912161007,KO,60.8364
2025-12-02,US1912161007,KO,59.7222
2025-12-03,US1912161007,KO,59.7363
2025-12-04,US1912161007,KO,59.2343
2025-12-05,US1912161007,KO,58.9774
2025-12-08,US1912161007,KO,59.2012
2025-12-09,US1912161007,KO,59.0601
2025-12-10,US1912161007,KO,59.2281
2025-12-11,US1912161007,KO,57.9368
2025-12-12,US1912161007,KO,58.9265
2025-12-15,US1912161007,KO,59.3116
2025-12-16,US1912161007,KO,58.7252
2025-12-17,US1912161007,KO,59.0012
2025-12-18,US1912161007,KO,58.7783
2025-12-19,US1912161007,KO,58.6108
2025-12-22,US1912161007,KO,58.8245
2025-12-23,US1912161007,KO,58.2518
2025-12-24,US1912161007,KO,58.3053
2025-12-26,US1912161007,KO,58.1558
2025-12-29,US1912161007,KO,58.4598
2025-12-30,US1912161007,KO,58.3841
2025-12-31,US1912161007,KO,58.3777
2026-01-02,US1912161007,KO,57.7024
2026-01-05,US1912161007,KO,56.9393
2026-01-06,US1912161007,KO,56.8055
2026-01-07,US1912161007,KO,56.6835
2026-01-08,US1912161007,KO,58.2765
2026-01-09,US1912161007,KO,59.3304
2026-01-12,US1912161007,KO,59.4962
2026-01-13,US1912161007,KO,59.8978
2026-01-14,US1912161007,KO,60.1921
2026-01-15,US1912161007,KO,59.3639
2026-01-16,US1912161007,KO,59.5209
2026-01-20,US1912161007,KO,60.4709
2026-01-21,US1912161007,KO,60.2309
2026-01-22,US1912161007,KO,60.3965
2026-01-23,US1912161007,KO,60.8199
2026-01-26,US1912161007,KO,60.0225
2026-01-27,US1912161007,KO,60.7491
2026-01-28,US1912161007,KO,59.6356
2026-01-29,US1912161007,KO,60.1372
2026-01-30,US1912161007,KO,61.3290
2026-02-02,US1912161007,KO,62.3627
2026-02-03,US1912161007,KO,63.9264
2026-02-04,US1912161007,KO,64.2140
2026-02-05,US1912161007,KO,65.2571
2026-02-06,US1912161007,KO,65.8219
2026-02-09,US1912161007,KO,64.6760
2026-02-10,US1912161007,KO,63.2948
2026-02-11,US1912161007,KO,64.8485
2026-02-12,US1912161007,KO,65.2529
2026-02-13,US1912161007,KO,65.0303
2026-02-17,US1912161007,KO,65.8606
2026-02-18,US1912161007,KO,65.7918
2026-02-19,US1912161007,KO,65.6608
2026-02-20,US1912161007,KO,66.5459
2026-02-23,US1912161007,KO,66.7738
2026-02-24,US1912161007,KO,67.1384
2026-02-25,US1912161007,KO,67.0363
2026-02-26,US1912161007,KO,66.8346
2026-02-27,US1912161007,KO,67.7843
2026-03-02,US1912161007,KO,66.9177
2026-03-03,US1912161007,KO,66.5354
2026-03-04,US1912161007,KO,65.9751
2026-03-05,US1912161007,KO,64.9405
2026-03-06,US1912161007,KO,65.1031
2026-03-09,US1912161007,KO,66.2292
2026-03-10,US1912161007,KO,65.7610
2026-03-11,US1912161007,KO,65.5834
2026-03-12,US1912161007,KO,65.9533
2026-03-13,US1912161007,KO,66.2995
2026-03-16,US1912161007,KO,67.2159
2026-03-17,US1912161007,KO,66.6332
2026-03-18,US1912161007,KO,65.0245
2026-03-19,US1912161007,KO,65.0881
2026-03-20,US1912161007,KO,63.7699
2026-03-23,US1912161007,KO,64.1734
2026-03-24,US1912161007,KO,63.5394
2026-03-25,US1912161007,KO,63.9913
2026-03-26,US1912161007,KO,63.8072
2026-03-27,US1912161007,KO,64.8266
2026-03-30,US1912161007,KO,65.5510
2026-03-31,US1912161007,KO,65.5444
2026-04-01,US1912161007,KO,64.9233
2026-04-02,US1912161007,KO,65.3770
2026-04-06,US1912161007,KO,66.2637
2026-04-07,US1912161007,KO,64.9634
2026-04-08,US1912161007,KO,65.3215
2026-04-09,US1912161007,KO,66.2281
2026-04-10,US1912161007,KO,65.4476
2026-04-13,US1912161007,KO,64.6411
2026-04-14,US1912161007,KO,63.6984
2026-04-15,US1912161007,KO,63.0396
2026-04-16,US1912161007,KO,62.8788
2026-04-17,US1912161007,KO,63.4893
2026-04-20,US1912161007,KO,63.4950
2026-04-21,US1912161007,KO,62.6087
2026-04-22,US1912161007,KO,62.7638
2026-04-23,US1912161007,KO,64.3609
2026-04-24,US1912161007,KO,64.7788
2026-04-27,US1912161007,KO,63.6499
2026-04-28,US1912161007,KO,66.0092
2026-04-29,US1912161007,KO,66.4792
2026-04-30,US1912161007,KO,66.5747
2026-05-01,US1912161007,KO,66.1711
2026-05-04,US1912161007,KO,65.8566
2026-05-05,US1912161007,KO,66.2970
2026-05-06,US1912161007,KO,66.7944
2026-05-07,US1912161007,KO,65.9418
2026-05-08,US1912161007,KO,66.0224
2026-05-11,US1912161007,KO,66.0147
2026-05-12,US1912161007,KO,67.1013
2026-05-13,US1912161007,KO,67.5494
2026-05-14,US1912161007,KO,67.8213
2026-05-15,US1912161007,KO,68.4485
2026-05-18,US1912161007,KO,69.0527
2026-05-19,US1912161007,KO,69.4214
2026-05-20,US1912161007,KO,69.3938
2026-05-21,US1912161007,KO,68.9622
2026-05-22,US1912161007,KO,69.2505
2026-05-26,US1912161007,KO,68.2883
2026-05-27,US1912161007,KO,69.2760
2026-05-28,US1912161007,KO,68.3602
2026-05-29,US1912161007,KO,66.9687
2026-06-01,US1912161007,KO,66.6776
2026-06-02,US1912161007,KO,66.5592
2026-06-03,US1912161007,KO,66.9333
2026-06-04,US1912161007,KO,65.3560
2026-06-05,US1912161007,KO,67.6002
2026-06-08,US1912161007,KO,68.1799
2026-06-09,US1912161007,KO,69.6875
2026-06-10,US1912161007,KO,71.5722
2026-06-11,US1912161007,KO,70.6630
2026-06-12,US1912161007,KO,70.4936
2026-06-15,US1912161007,KO,69.3179
2026-06-16,US1912161007,KO,68.8308
2026-06-17,US1912161007,KO,68.4377
2026-06-18,US1912161007,KO,68.5815
2026-06-22,US1912161007,KO,68.9696
2026-06-23,US1912161007,KO,69.8632
2026-06-24,US1912161007,KO,70.4087
2026-06-25,US1912161007,KO,70.4082
2026-06-26,US1912161007,KO,72.2954
2026-06-29,US1912161007,KO,72.1609
2026-06-30,US1912161007,KO,70.7298
2026-07-01,US1912161007,KO,70.8014
2026-07-02,US1912161007,KO,73.5112
2026-07-06,US1912161007,KO,72.1017
2026-07-07,US1912161007,KO,73.0231
2026-07-08,US1912161007,KO,72.6997
2026-07-09,US1912161007,KO,71.9134
2026-07-10,US1912161007,KO,72.5897
2026-07-13,US1912161007,KO,73.4364
2026-07-14,US1912161007,KO,72.5446
2026-07-15,US1912161007,KO,71.7404
2026-07-16,US1912161007,KO,73.5958
2026-07-17,US1912161007,KO,70.8420
2026-07-20,US1912161007,KO,71.4345
2026-07-21,US1912161007,KO,71.3635
2026-07-22,US1912161007,KO,71.6536
2026-07-23,US1912161007,KO,70.7065
2026-07-24,US1912161007,KO,71.8673
2026-07-27,US1912161007,KO,73.3405
2026-07-28,US1912161007,KO,77.1773
2026-07-29,US1912161007,KO,77.7687
2026-07-30,US1912161007,KO,76.7100
2026-07-31,US1912161007,KO,75.5588
2026-08-03,US1912161007,KO,74.7962
2026-08-04,US1912161007,KO,74.7753
2026-08-05,US1912161007,KO,74.8454
2026-08-06,US1912161007,KO,74.7012
2026-08-07,US1912161007,KO,75.0852
2026-08-10,US1912161007,KO,74.7245
2026-08-11,US1912161007,KO,74.4535
2026-08-12,US1912161007,KO,74.6687
2026-08-13,US1912161007,KO,75.3696
2026-08-14,US1912161007,KO,75.5848
2026-08-17,US1912161007,KO,74.7058
2026-08-18,US1912161007,KO,76.2279
2026-08-19,US1912161007,KO,77.5634
2026-08-20,US1912161007,KO,77.0643
2026-08-21,US1912161007,KO,77.4819
2026-08-24,US1912161007,KO,78.2809
2026-08-25,US1912161007,KO,78.0714
2026-08-26,US1912161007,KO,76.7003
2026-08-27,US1912161007,KO,75.9611
2026-08-28,US1912161007,KO,76.4631
2026-08-31,US1912161007,KO,76.0586
2026-09-01,US1912161007,KO,75.2976
2026-09-02,US1912161007,KO,75.6468
2026-09-03,US1912161007,KO,76.2025
2026-09-04,US1912161007,KO,75.2883
2026-09-08,US1912161007,KO,75.5406
2026-09-09,US1912161007,KO,74.8499
2026-09-10,US1912161007,KO,75.0473
2026-09-11,US1912161007,KO,75.5957
2026-09-14,US1912161007,KO,76.6090
2026-09-15,US1912161007,KO,76.8149
2026-09-16,US1912161007,KO,76.1596
2026-09-17,US1912161007,KO,76.7751
2026-09-18,US1912161007,KO,76.8993
2026-09-21,US1912161007,KO,75.8902
2026-09-22,US1912161007,KO,77.2901
2026-09-23,US1912161007,KO,76.9484
2026-09-24,US1912161007,KO,77.4038
2026-09-25,US1912161007,KO,77.1973
2026-09-28,US1912161007,KO,76.6216
